2026-03-17 00:10:07,176 - INFO - Welly daemon started (PID: 4850)
2026-03-17 00:10:07,186 - INFO - Welly Monitor starting - always-on pattern detection
2026-03-17 03:31:45,922 - INFO - Welly daemon started (PID: 5046)
2026-03-17 03:31:45,934 - INFO - Welly Monitor starting - always-on pattern detection
2026-03-17 03:31:45,940 - INFO - Polling Oura for new data...
2026-03-17 03:31:47,822 - INFO - Ingested Oura readiness data for 2026-03-16
2026-03-17 03:31:47,822 - INFO - Polling Strava for new activities...
2026-03-17 03:31:47,861 - INFO - New data found: ['oura']
2026-03-17 06:31:57,780 - INFO - Polling Strava for new activities...
2026-03-17 15:00:33,294 - INFO - Welly daemon started (PID: 5779)
2026-03-17 15:00:33,318 - INFO - Welly Monitor starting - always-on pattern detection
2026-03-17 15:00:33,320 - INFO - Polling Oura for new data...
2026-03-17 15:00:34,150 - INFO - Polling Strava for new activities...
2026-03-17 18:00:44,018 - INFO - Polling Strava for new activities...
2026-03-17 23:00:27,223 - INFO - Welly daemon started (PID: 5037)
2026-03-17 23:00:27,245 - INFO - Welly Monitor starting - always-on pattern detection
2026-03-17 23:00:27,247 - INFO - Polling Oura for new data...
2026-03-17 23:00:28,183 - INFO - Polling Strava for new activities...
2026-03-17 23:30:26,243 - INFO - Received signal 15, shutting down gracefully...
2026-03-17 23:30:26,343 - INFO - Received signal 15, shutting down gracefully...
2026-03-17 23:30:26,443 - INFO - Received signal 15, shutting down gracefully...
2026-03-17 23:30:26,543 - INFO - Received signal 15, shutting down gracefully...
2026-03-17 23:30:26,644 - INFO - Received signal 15, shutting down gracefully...
2026-03-17 23:30:26,744 - INFO - Received signal 15, shutting down gracefully...
2026-03-17 23:30:26,844 - INFO - Received signal 15, shutting down gracefully...
2026-03-17 23:30:26,859 - INFO - Welly Monitor stopped
Welly daemon started (PID: 5037)
💙 Welly Monitor starting...
   Monitoring Kelly's patterns in the background
   Preserving existing manual check-in system
   Press Ctrl+C to stop
💙 Welly Monitor stopped gracefully
2026-03-17 23:30:26,998 - INFO - Welly daemon started (PID: 5230)
2026-03-17 23:30:27,008 - INFO - Welly Monitor starting - always-on pattern detection
2026-03-18 01:00:33,948 - INFO - Received signal 15, shutting down gracefully...
2026-03-18 01:00:33,973 - INFO - Welly Monitor stopped
Welly daemon started (PID: 5230)
💙 Welly Monitor starting...
   Monitoring Kelly's patterns in the background
   Preserving existing manual check-in system
   Press Ctrl+C to stop
💙 Welly Monitor stopped gracefully
2026-03-18 01:00:34,104 - INFO - Welly daemon started (PID: 5676)
2026-03-18 01:00:34,114 - INFO - Welly Monitor starting - always-on pattern detection
2026-03-18 01:30:23,704 - INFO - Received signal 15, shutting down gracefully...
2026-03-18 01:30:23,744 - INFO - Welly Monitor stopped
Welly daemon started (PID: 5676)
💙 Welly Monitor starting...
   Monitoring Kelly's patterns in the background
   Preserving existing manual check-in system
   Press Ctrl+C to stop
💙 Welly Monitor stopped gracefully
2026-03-18 01:30:23,863 - INFO - Welly daemon started (PID: 5837)
2026-03-18 01:30:23,875 - INFO - Welly Monitor starting - always-on pattern detection
2026-03-18 02:01:03,660 - INFO - Received signal 15, shutting down gracefully...
2026-03-18 02:01:03,760 - INFO - Received signal 15, shutting down gracefully...
2026-03-18 02:01:03,860 - INFO - Received signal 15, shutting down gracefully...
2026-03-18 02:01:03,960 - INFO - Received signal 15, shutting down gracefully...
2026-03-18 02:01:04,060 - INFO - Received signal 15, shutting down gracefully...
2026-03-18 02:01:04,161 - INFO - Received signal 15, shutting down gracefully...
2026-03-18 02:01:04,261 - INFO - Received signal 15, shutting down gracefully...
2026-03-18 02:01:04,361 - INFO - Received signal 15, shutting down gracefully...
2026-03-18 02:01:04,461 - INFO - Received signal 15, shutting down gracefully...
2026-03-18 02:01:04,533 - INFO - Welly Monitor stopped
Welly daemon started (PID: 5837)
💙 Welly Monitor starting...
   Monitoring Kelly's patterns in the background
   Preserving existing manual check-in system
   Press Ctrl+C to stop
💙 Welly Monitor stopped gracefully
2026-03-18 02:01:04,611 - INFO - Welly daemon started (PID: 6012)
2026-03-18 02:01:04,620 - INFO - Welly Monitor starting - always-on pattern detection
2026-03-18 02:01:04,620 - INFO - Polling Strava for new activities...
2026-03-18 05:01:14,439 - INFO - Polling Oura for new data...
2026-03-18 05:01:16,087 - INFO - Ingested Oura readiness data for 2026-03-17
2026-03-18 05:01:16,087 - INFO - Polling Strava for new activities...
2026-03-18 05:01:16,122 - INFO - New data found: ['oura']
2026-03-18 16:39:36,702 - INFO - Welly daemon started (PID: 5062)
2026-03-18 16:39:36,748 - INFO - Welly Monitor starting - always-on pattern detection
2026-03-18 16:39:36,748 - INFO - Polling Oura for new data...
2026-03-18 16:39:37,498 - INFO - Polling Strava for new activities...
2026-03-18 17:39:36,490 - INFO - Received signal 15, shutting down gracefully...
2026-03-18 17:39:36,591 - INFO - Received signal 15, shutting down gracefully...
2026-03-18 17:39:36,691 - INFO - Received signal 15, shutting down gracefully...
2026-03-18 17:39:36,791 - INFO - Received signal 15, shutting down gracefully...
2026-03-18 17:39:36,853 - INFO - Welly Monitor stopped
Welly daemon started (PID: 5062)
💙 Welly Monitor starting...
   Monitoring Kelly's patterns in the background
   Preserving existing manual check-in system
   Press Ctrl+C to stop
💙 Welly Monitor stopped gracefully
2026-03-18 17:39:36,938 - INFO - Welly daemon started (PID: 5459)
2026-03-18 17:39:36,955 - INFO - Welly Monitor starting - always-on pattern detection
2026-03-18 23:24:56,884 - INFO - Welly daemon started (PID: 4495)
2026-03-18 23:24:56,904 - INFO - Welly Monitor starting - always-on pattern detection
2026-03-18 23:24:56,905 - INFO - Polling Oura for new data...
2026-03-18 23:24:57,682 - INFO - Polling Strava for new activities...
2026-03-18 23:30:14,546 - INFO - Welly daemon started (PID: 4394)
2026-03-18 23:30:14,555 - INFO - Welly Monitor starting - always-on pattern detection
2026-03-18 23:41:46,309 - INFO - Welly daemon started (PID: 4393)
2026-03-18 23:41:46,327 - INFO - Welly Monitor starting - always-on pattern detection
2026-03-18 23:44:15,995 - INFO - Welly daemon started (PID: 4391)
2026-03-18 23:44:16,004 - INFO - Welly Monitor starting - always-on pattern detection
2026-03-19 00:01:24,511 - INFO - Welly daemon started (PID: 4371)
2026-03-19 00:01:24,528 - INFO - Welly Monitor starting - always-on pattern detection
2026-03-19 02:31:32,748 - INFO - Polling Strava for new activities...
2026-03-19 05:31:42,666 - INFO - Polling Oura for new data...
2026-03-19 05:31:44,342 - INFO - Ingested Oura readiness data for 2026-03-18
2026-03-19 05:31:44,342 - INFO - Polling Strava for new activities...
2026-03-19 05:31:44,377 - INFO - New data found: ['oura']
2026-03-19 07:33:51,583 - INFO - Welly daemon started (PID: 4371)
2026-03-19 07:33:51,602 - INFO - Welly Monitor starting - always-on pattern detection
2026-03-19 08:33:54,906 - INFO - Polling Strava for new activities...
2026-03-19 11:34:04,915 - INFO - Polling Oura for new data...
2026-03-19 11:34:05,719 - INFO - Polling Strava for new activities...
2026-03-19 13:38:44,203 - INFO - Welly daemon started (PID: 4371)
2026-03-19 13:38:44,230 - INFO - Welly Monitor starting - always-on pattern detection
2026-03-19 14:38:47,633 - INFO - Polling Strava for new activities...
2026-03-19 15:28:05,486 - INFO - Welly daemon started (PID: 4371)
2026-03-19 15:28:05,508 - INFO - Welly Monitor starting - always-on pattern detection
2026-03-19 17:58:13,730 - INFO - Polling Oura for new data...
2026-03-19 17:58:15,314 - INFO - Polling Strava for new activities...
2026-03-19 18:33:56,912 - INFO - Welly daemon started (PID: 4371)
2026-03-19 18:33:56,942 - INFO - Welly Monitor starting - always-on pattern detection
2026-03-19 20:58:42,920 - INFO - Welly daemon started (PID: 4371)
2026-03-19 20:58:42,929 - INFO - Welly Monitor starting - always-on pattern detection
2026-03-19 20:58:42,930 - INFO - Polling Strava for new activities...
2026-03-19 21:15:31,243 - INFO - Welly daemon started (PID: 4371)
2026-03-19 21:15:31,263 - INFO - Welly Monitor starting - always-on pattern detection
2026-03-20 00:15:41,019 - INFO - Polling Oura for new data...
2026-03-20 00:15:41,804 - INFO - Polling Strava for new activities...
2026-03-20 03:15:51,704 - INFO - Polling Strava for new activities...
2026-03-20 06:16:01,607 - INFO - Polling Oura for new data...
2026-03-20 06:16:02,420 - INFO - Polling Strava for new activities...
2026-03-20 07:34:03,236 - INFO - Welly daemon started (PID: 4371)
2026-03-20 07:34:03,256 - INFO - Welly Monitor starting - always-on pattern detection
2026-03-20 09:34:09,825 - INFO - Polling Strava for new activities...
2026-03-20 12:34:19,675 - INFO - Polling Oura for new data...
2026-03-20 12:34:27,054 - INFO - Polling Strava for new activities...
2026-03-20 15:34:37,024 - INFO - Polling Strava for new activities...
2026-03-20 18:34:47,475 - INFO - Polling Oura for new data...
2026-03-20 18:34:48,547 - INFO - Polling Strava for new activities...
2026-03-20 21:34:58,887 - INFO - Polling Strava for new activities...
2026-03-21 00:35:09,331 - INFO - Polling Oura for new data...
2026-03-21 00:35:11,431 - INFO - Ingested Oura readiness data for 2026-03-20
2026-03-21 00:35:11,431 - INFO - Polling Strava for new activities...
2026-03-21 00:35:11,468 - INFO - New data found: ['oura']
2026-03-21 03:35:21,769 - INFO - Polling Strava for new activities...
2026-03-21 06:35:31,650 - INFO - Polling Oura for new data...
2026-03-21 06:35:33,331 - INFO - Ingested Oura readiness data for 2026-03-20
2026-03-21 06:35:33,331 - INFO - Polling Strava for new activities...
2026-03-21 06:35:33,372 - INFO - New data found: ['oura']
2026-03-21 07:34:54,417 - INFO - Welly daemon started (PID: 4371)
2026-03-21 07:34:54,435 - INFO - Welly Monitor starting - always-on pattern detection
2026-03-21 10:05:02,698 - INFO - Polling Strava for new activities...
2026-03-21 13:05:12,649 - INFO - Polling Oura for new data...
2026-03-21 13:05:13,427 - INFO - Polling Strava for new activities...
2026-03-21 14:41:04,951 - INFO - Welly daemon started (PID: 4371)
2026-03-21 14:41:04,988 - INFO - Welly Monitor starting - always-on pattern detection
2026-03-21 16:11:10,172 - INFO - Polling Strava for new activities...
2026-03-21 19:11:20,522 - INFO - Polling Oura for new data...
2026-03-21 19:11:21,537 - INFO - Polling Strava for new activities...
2026-03-21 22:11:31,702 - INFO - Polling Strava for new activities...
2026-03-22 01:11:41,947 - INFO - Polling Oura for new data...
2026-03-22 01:11:43,649 - INFO - Ingested Oura readiness data for 2026-03-21
2026-03-22 01:11:43,649 - INFO - Polling Strava for new activities...
2026-03-22 01:11:43,705 - INFO - New data found: ['oura']
2026-03-22 04:11:53,780 - INFO - Polling Strava for new activities...
2026-03-22 07:12:03,701 - INFO - Polling Oura for new data...
2026-03-22 07:12:07,603 - INFO - Polling Strava for new activities...
2026-03-22 07:35:18,461 - INFO - Welly daemon started (PID: 4371)
2026-03-22 07:35:18,481 - INFO - Welly Monitor starting - always-on pattern detection
2026-03-22 10:35:28,326 - INFO - Polling Strava for new activities...
2026-03-22 13:35:38,228 - INFO - Polling Oura for new data...
2026-03-22 13:35:39,045 - INFO - Polling Strava for new activities...
2026-03-22 16:35:49,429 - INFO - Polling Strava for new activities...
2026-03-22 19:35:59,838 - INFO - Polling Oura for new data...
2026-03-22 19:36:00,720 - INFO - Polling Strava for new activities...
2026-03-22 22:36:10,881 - INFO - Polling Strava for new activities...
2026-03-23 01:36:20,850 - INFO - Polling Oura for new data...
2026-03-23 01:36:23,997 - INFO - Ingested Oura readiness data for 2026-03-22
2026-03-23 01:36:23,997 - INFO - Polling Strava for new activities...
2026-03-23 01:36:24,034 - INFO - New data found: ['oura']
2026-03-23 04:36:33,883 - INFO - Polling Strava for new activities...
2026-03-23 07:34:14,909 - INFO - Welly daemon started (PID: 4371)
2026-03-23 07:34:14,929 - INFO - Welly Monitor starting - always-on pattern detection
2026-03-23 08:04:16,577 - INFO - Polling Oura for new data...
2026-03-23 08:04:17,390 - INFO - Polling Strava for new activities...
2026-03-23 11:04:27,312 - INFO - Polling Strava for new activities...
2026-03-23 14:04:37,269 - INFO - Polling Oura for new data...
2026-03-23 14:04:38,044 - INFO - Polling Strava for new activities...
2026-03-23 14:36:25,084 - INFO - Welly daemon started (PID: 4371)
2026-03-23 14:36:25,102 - INFO - Welly Monitor starting - always-on pattern detection
2026-03-23 22:03:09,134 - INFO - Welly daemon started (PID: 6458)
2026-03-23 22:03:09,148 - INFO - Welly Monitor starting - always-on pattern detection
2026-03-23 22:03:09,150 - INFO - Polling Oura for new data...
2026-03-23 22:03:13,847 - INFO - Polling Strava for new activities...
2026-03-23 22:12:35,407 - INFO - Welly daemon started (PID: 4371)
2026-03-23 22:12:35,426 - INFO - Welly Monitor starting - always-on pattern detection
2026-03-23 23:13:42,564 - INFO - Welly daemon started (PID: 4371)
2026-03-23 23:13:42,575 - INFO - Welly Monitor starting - always-on pattern detection
2026-03-24 01:13:49,095 - INFO - Polling Strava for new activities...
2026-03-24 04:13:58,924 - INFO - Polling Oura for new data...
2026-03-24 04:14:00,674 - INFO - Ingested Oura readiness data for 2026-03-23
2026-03-24 04:14:00,674 - INFO - Polling Strava for new activities...
2026-03-24 04:14:00,714 - INFO - New data found: ['oura']
2026-03-24 07:14:10,518 - INFO - Polling Strava for new activities...
2026-03-24 07:35:26,051 - INFO - Welly daemon started (PID: 4371)
2026-03-24 07:35:26,065 - INFO - Welly Monitor starting - always-on pattern detection
2026-03-24 10:35:35,752 - INFO - Polling Oura for new data...
2026-03-24 10:35:36,566 - INFO - Polling Strava for new activities...
2026-03-24 13:35:46,406 - INFO - Polling Strava for new activities...
2026-03-24 16:35:56,308 - INFO - Polling Oura for new data...
2026-03-24 16:35:57,349 - INFO - Polling Strava for new activities...
2026-03-24 19:36:07,386 - INFO - Polling Strava for new activities...
2026-03-24 22:36:17,378 - INFO - Polling Oura for new data...
2026-03-24 22:36:19,383 - INFO - Polling Strava for new activities...
2026-03-25 01:36:29,248 - INFO - Polling Strava for new activities...
2026-03-25 04:36:39,045 - INFO - Polling Oura for new data...
2026-03-25 04:36:40,722 - INFO - Ingested Oura readiness data for 2026-03-24
2026-03-25 04:36:40,722 - INFO - Polling Strava for new activities...
2026-03-25 04:36:40,758 - INFO - New data found: ['oura']
2026-03-25 07:34:51,158 - INFO - Welly daemon started (PID: 4371)
2026-03-25 07:34:51,176 - INFO - Welly Monitor starting - always-on pattern detection
2026-03-25 08:04:52,813 - INFO - Polling Strava for new activities...
2026-03-25 11:05:02,560 - INFO - Polling Oura for new data...
2026-03-25 11:05:03,791 - INFO - Polling Strava for new activities...
2026-03-25 13:11:18,076 - INFO - Welly daemon started (PID: 4371)
2026-03-25 13:11:18,092 - INFO - Welly Monitor starting - always-on pattern detection
2026-03-25 13:24:50,397 - INFO - Welly daemon started (PID: 4371)
2026-03-25 13:24:50,416 - INFO - Welly Monitor starting - always-on pattern detection
2026-03-25 14:24:53,684 - INFO - Polling Strava for new activities...
2026-03-25 16:34:44,729 - INFO - Welly daemon started (PID: 4368)
2026-03-25 16:34:44,748 - INFO - Welly Monitor starting - always-on pattern detection
2026-03-25 17:34:48,052 - INFO - Polling Oura for new data...
2026-03-25 17:34:48,817 - INFO - Polling Strava for new activities...
2026-03-25 20:34:58,683 - INFO - Polling Strava for new activities...
2026-03-25 22:55:24,800 - INFO - Welly daemon started (PID: 4371)
2026-03-25 22:55:24,843 - INFO - Welly Monitor starting - always-on pattern detection
2026-03-25 23:06:42,048 - INFO - Welly daemon started (PID: 4371)
2026-03-25 23:06:42,067 - INFO - Welly Monitor starting - always-on pattern detection
2026-03-25 23:36:43,704 - INFO - Polling Oura for new data...
2026-03-25 23:36:45,215 - INFO - Polling Strava for new activities...
2026-03-26 02:36:55,060 - INFO - Polling Strava for new activities...
2026-03-26 05:37:04,831 - INFO - Polling Oura for new data...
2026-03-26 05:37:16,114 - INFO - Ingested Oura readiness data for 2026-03-25
2026-03-26 05:37:16,114 - INFO - Polling Strava for new activities...
2026-03-26 05:37:16,147 - INFO - New data found: ['oura']
2026-03-26 07:34:15,995 - INFO - Welly daemon started (PID: 4371)
2026-03-26 07:34:16,017 - INFO - Welly Monitor starting - always-on pattern detection
2026-03-26 09:04:20,923 - INFO - Polling Strava for new activities...
2026-03-26 12:04:30,799 - INFO - Polling Oura for new data...
2026-03-26 12:04:31,640 - INFO - Polling Strava for new activities...
2026-03-26 12:26:21,958 - INFO - Welly daemon started (PID: 4371)
2026-03-26 12:26:21,977 - INFO - Welly Monitor starting - always-on pattern detection
2026-03-26 15:26:31,747 - INFO - Polling Strava for new activities...
2026-03-26 15:35:00,940 - INFO - Welly daemon started (PID: 4371)
2026-03-26 15:35:00,960 - INFO - Welly Monitor starting - always-on pattern detection
2026-03-26 18:35:11,030 - INFO - Polling Oura for new data...
2026-03-26 18:35:14,907 - INFO - Polling Strava for new activities...
2026-03-26 20:07:03,916 - INFO - Welly daemon started (PID: 4371)
2026-03-26 20:07:03,936 - INFO - Welly Monitor starting - always-on pattern detection
2026-03-26 21:37:08,854 - INFO - Polling Strava for new activities...
2026-03-27 00:37:18,851 - INFO - Polling Oura for new data...
2026-03-27 00:37:20,512 - INFO - Ingested Oura readiness data for 2026-03-26
2026-03-27 00:37:20,512 - INFO - Polling Strava for new activities...
2026-03-27 00:37:20,550 - INFO - New data found: ['oura']
2026-03-27 03:37:30,552 - INFO - Polling Strava for new activities...
2026-03-27 06:37:40,459 - INFO - Polling Oura for new data...
2026-03-27 06:37:41,243 - INFO - Polling Strava for new activities...
2026-03-27 07:34:17,726 - INFO - Welly daemon started (PID: 4371)
2026-03-27 07:34:17,784 - INFO - Welly Monitor starting - always-on pattern detection
2026-03-27 10:04:26,097 - INFO - Polling Strava for new activities...
2026-03-27 13:04:36,179 - INFO - Polling Oura for new data...
2026-03-27 13:04:36,964 - INFO - Polling Strava for new activities...
2026-03-27 14:36:21,789 - INFO - Welly daemon started (PID: 4371)
2026-03-27 14:36:21,809 - INFO - Welly Monitor starting - always-on pattern detection
2026-03-27 15:41:26,490 - INFO - Welly daemon started (PID: 4371)
2026-03-27 15:41:26,513 - INFO - Welly Monitor starting - always-on pattern detection
2026-03-27 15:55:56,640 - INFO - Welly daemon started (PID: 4371)
2026-03-27 15:55:56,656 - INFO - Welly Monitor starting - always-on pattern detection
2026-03-27 16:25:58,308 - INFO - Polling Strava for new activities...
2026-03-27 18:52:08,679 - INFO - Welly daemon started (PID: 4371)
2026-03-27 18:52:08,700 - INFO - Welly Monitor starting - always-on pattern detection
2026-03-27 19:50:35,843 - INFO - Welly daemon started (PID: 4371)
2026-03-27 19:50:35,863 - INFO - Welly Monitor starting - always-on pattern detection
2026-03-27 19:50:35,864 - INFO - Polling Oura for new data...
2026-03-27 19:50:36,613 - INFO - Polling Strava for new activities...
2026-03-27 22:50:46,570 - INFO - Polling Strava for new activities...
2026-03-28 01:50:56,605 - INFO - Polling Oura for new data...
2026-03-28 01:50:58,309 - INFO - Ingested Oura readiness data for 2026-03-27
2026-03-28 01:50:58,309 - INFO - Polling Strava for new activities...
2026-03-28 01:50:58,355 - INFO - New data found: ['oura']
2026-03-28 02:02:59,526 - INFO - Welly daemon started (PID: 4371)
2026-03-28 02:02:59,548 - INFO - Welly Monitor starting - always-on pattern detection
2026-03-28 02:14:24,157 - INFO - Welly daemon started (PID: 4371)
2026-03-28 02:14:24,168 - INFO - Welly Monitor starting - always-on pattern detection
2026-03-28 02:29:02,384 - INFO - Welly daemon started (PID: 4371)
2026-03-28 02:29:02,399 - INFO - Welly Monitor starting - always-on pattern detection
2026-03-28 04:59:10,651 - INFO - Polling Strava for new activities...
2026-03-28 07:35:03,949 - INFO - Welly daemon started (PID: 4371)
2026-03-28 07:35:03,962 - INFO - Welly Monitor starting - always-on pattern detection
2026-03-28 08:05:05,622 - INFO - Polling Oura for new data...
2026-03-28 08:05:10,542 - INFO - Polling Strava for new activities...
2026-03-28 11:05:20,538 - INFO - Polling Strava for new activities...
2026-03-28 14:05:30,956 - INFO - Polling Oura for new data...
2026-03-28 14:05:31,920 - INFO - Polling Strava for new activities...
2026-03-28 14:28:24,891 - INFO - Welly daemon started (PID: 4371)
2026-03-28 14:28:24,904 - INFO - Welly Monitor starting - always-on pattern detection
2026-03-28 14:35:20,663 - INFO - Welly daemon started (PID: 4409)
2026-03-28 14:35:20,672 - INFO - Welly Monitor starting - always-on pattern detection
2026-03-28 17:35:31,090 - INFO - Polling Strava for new activities...
2026-03-28 20:35:41,311 - INFO - Polling Oura for new data...
2026-03-28 20:35:42,055 - INFO - Polling Strava for new activities...
2026-03-28 23:35:52,105 - INFO - Polling Strava for new activities...
2026-03-29 02:36:02,100 - INFO - Polling Oura for new data...
2026-03-29 02:36:04,130 - INFO - Ingested Oura readiness data for 2026-03-28
2026-03-29 02:36:04,130 - INFO - Polling Strava for new activities...
2026-03-29 02:36:04,164 - INFO - New data found: ['oura']
2026-03-29 05:36:14,148 - INFO - Polling Strava for new activities...
2026-03-29 07:34:39,163 - INFO - Welly daemon started (PID: 4371)
2026-03-29 07:34:39,176 - INFO - Welly Monitor starting - always-on pattern detection
2026-03-29 09:04:44,172 - INFO - Polling Oura for new data...
2026-03-29 09:04:44,930 - INFO - Polling Strava for new activities...
2026-03-29 12:04:54,846 - INFO - Polling Strava for new activities...
2026-03-29 15:05:04,829 - INFO - Polling Oura for new data...
2026-03-29 15:05:06,923 - INFO - Polling Strava for new activities...
2026-03-29 18:05:16,906 - INFO - Polling Strava for new activities...
2026-03-29 20:52:33,733 - INFO - Welly daemon started (PID: 4409)
2026-03-29 20:52:33,762 - INFO - Welly Monitor starting - always-on pattern detection
2026-03-29 21:01:02,260 - INFO - Welly daemon started (PID: 4409)
2026-03-29 21:01:02,277 - INFO - Welly Monitor starting - always-on pattern detection
2026-03-29 21:05:04,179 - INFO - Welly daemon started (PID: 4409)
2026-03-29 21:05:04,187 - INFO - Welly Monitor starting - always-on pattern detection
2026-03-29 21:10:32,137 - INFO - Welly daemon started (PID: 4409)
2026-03-29 21:10:32,158 - INFO - Welly Monitor starting - always-on pattern detection
2026-03-29 21:10:32,160 - INFO - Polling Oura for new data...
2026-03-29 21:10:32,910 - INFO - Polling Strava for new activities...
2026-03-30 00:10:42,796 - INFO - Polling Strava for new activities...
2026-03-30 03:10:52,764 - INFO - Polling Oura for new data...
2026-03-30 03:10:54,676 - INFO - Ingested Oura readiness data for 2026-03-29
2026-03-30 03:10:54,676 - INFO - Polling Strava for new activities...
2026-03-30 03:10:54,714 - INFO - New data found: ['oura']
2026-03-30 06:11:04,588 - INFO - Polling Strava for new activities...
2026-03-30 07:35:20,027 - INFO - Welly daemon started (PID: 4371)
2026-03-30 07:35:20,043 - INFO - Welly Monitor starting - always-on pattern detection
2026-03-30 09:35:26,594 - INFO - Polling Oura for new data...
2026-03-30 09:35:27,395 - INFO - Polling Strava for new activities...
2026-03-30 12:35:37,402 - INFO - Polling Strava for new activities...
2026-03-30 15:35:47,606 - INFO - Polling Oura for new data...
2026-03-30 15:35:48,350 - INFO - Polling Strava for new activities...
2026-03-30 18:35:58,279 - INFO - Polling Strava for new activities...
2026-03-30 21:36:08,141 - INFO - Polling Oura for new data...
2026-03-30 21:36:09,326 - INFO - Polling Strava for new activities...
2026-03-31 00:36:19,222 - INFO - Polling Strava for new activities...
2026-03-31 03:36:29,386 - INFO - Polling Oura for new data...
2026-03-31 03:36:31,124 - INFO - Ingested Oura readiness data for 2026-03-30
2026-03-31 03:36:31,124 - INFO - Polling Strava for new activities...
2026-03-31 03:36:31,172 - INFO - New data found: ['oura']
2026-03-31 06:36:41,539 - INFO - Polling Strava for new activities...
2026-03-31 07:34:46,422 - INFO - Welly daemon started (PID: 4371)
2026-03-31 07:34:46,434 - INFO - Welly Monitor starting - always-on pattern detection
2026-03-31 10:04:54,793 - INFO - Polling Oura for new data...
2026-03-31 10:04:55,569 - INFO - Polling Strava for new activities...
2026-03-31 12:39:01,430 - INFO - Welly daemon started (PID: 4367)
2026-03-31 12:39:01,465 - INFO - Welly Monitor starting - always-on pattern detection
2026-03-31 13:09:03,197 - INFO - Polling Strava for new activities...
2026-03-31 16:09:13,103 - INFO - Polling Oura for new data...
2026-03-31 16:09:14,841 - INFO - Polling Strava for new activities...
2026-03-31 19:09:24,759 - INFO - Polling Strava for new activities...
2026-03-31 22:09:34,661 - INFO - Polling Oura for new data...
2026-03-31 22:09:35,425 - INFO - Polling Strava for new activities...
2026-04-01 01:09:45,260 - INFO - Polling Strava for new activities...
2026-04-01 04:09:55,103 - INFO - Polling Oura for new data...
2026-04-01 04:09:56,744 - INFO - Ingested Oura readiness data for 2026-03-31
2026-04-01 04:09:56,745 - INFO - Polling Strava for new activities...
2026-04-01 04:09:56,778 - INFO - New data found: ['oura']
2026-04-01 07:10:06,544 - INFO - Polling Strava for new activities...
2026-04-01 07:36:23,314 - INFO - Welly daemon started (PID: 4371)
2026-04-01 07:36:23,338 - INFO - Welly Monitor starting - always-on pattern detection
2026-04-01 10:36:33,064 - INFO - Polling Oura for new data...
2026-04-01 10:36:33,845 - INFO - Polling Strava for new activities...
2026-04-01 13:36:43,701 - INFO - Polling Strava for new activities...
2026-04-01 16:36:53,808 - INFO - Polling Oura for new data...
2026-04-01 16:36:54,839 - INFO - Polling Strava for new activities...
2026-04-01 19:37:04,826 - INFO - Polling Strava for new activities...
2026-04-01 22:37:14,859 - INFO - Polling Oura for new data...
2026-04-01 22:37:15,858 - INFO - Polling Strava for new activities...
2026-04-02 01:37:26,090 - INFO - Polling Strava for new activities...
2026-04-02 04:37:36,422 - INFO - Polling Oura for new data...
2026-04-02 04:37:38,307 - INFO - Ingested Oura readiness data for 2026-04-01
2026-04-02 04:37:38,307 - INFO - Polling Strava for new activities...
2026-04-02 04:37:38,343 - INFO - New data found: ['oura']
2026-04-02 07:37:48,565 - INFO - Polling Strava for new activities...
2026-04-02 09:52:55,998 - INFO - Welly daemon started (PID: 4371)
2026-04-02 09:52:56,023 - INFO - Welly Monitor starting - always-on pattern detection
2026-04-02 09:56:51,680 - INFO - Welly daemon started (PID: 4371)
2026-04-02 09:56:51,694 - INFO - Welly Monitor starting - always-on pattern detection
2026-04-02 09:58:18,640 - INFO - Welly daemon started (PID: 4370)
2026-04-02 09:58:18,649 - INFO - Welly Monitor starting - always-on pattern detection
2026-04-02 10:58:22,049 - INFO - Polling Oura for new data...
2026-04-02 10:58:23,141 - INFO - Polling Strava for new activities...
2026-04-02 13:58:33,204 - INFO - Polling Strava for new activities...
2026-04-02 16:58:43,050 - INFO - Polling Oura for new data...
2026-04-02 16:58:43,822 - INFO - Polling Strava for new activities...
2026-04-02 19:58:53,682 - INFO - Polling Strava for new activities...
2026-04-02 22:59:03,590 - INFO - Polling Oura for new data...
2026-04-02 22:59:04,327 - INFO - Polling Strava for new activities...
2026-04-03 01:59:14,201 - INFO - Polling Strava for new activities...
2026-04-03 04:59:24,273 - INFO - Polling Oura for new data...
2026-04-03 04:59:25,972 - INFO - Ingested Oura readiness data for 2026-04-02
2026-04-03 04:59:25,972 - INFO - Polling Strava for new activities...
2026-04-03 04:59:26,017 - INFO - New data found: ['oura']
2026-04-03 07:59:36,049 - INFO - Polling Strava for new activities...
2026-04-03 10:59:46,082 - INFO - Polling Oura for new data...
2026-04-03 10:59:46,809 - INFO - Polling Strava for new activities...
2026-04-03 13:59:56,668 - INFO - Polling Strava for new activities...
2026-04-03 17:00:06,740 - INFO - Polling Oura for new data...
2026-04-03 17:00:15,137 - INFO - Polling Strava for new activities...
2026-04-03 20:00:25,116 - INFO - Polling Strava for new activities...
2026-04-03 23:00:35,106 - INFO - Polling Oura for new data...
2026-04-03 23:00:36,302 - INFO - Polling Strava for new activities...
2026-04-04 02:00:46,287 - INFO - Polling Strava for new activities...
2026-04-04 05:00:56,402 - INFO - Polling Oura for new data...
2026-04-04 05:00:58,092 - INFO - Ingested Oura readiness data for 2026-04-03
2026-04-04 05:00:58,092 - INFO - Polling Strava for new activities...
2026-04-04 05:00:58,129 - INFO - New data found: ['oura']
2026-04-04 08:01:08,230 - INFO - Polling Strava for new activities...
2026-04-04 11:01:18,960 - INFO - Polling Oura for new data...
2026-04-04 11:01:21,874 - INFO - Polling Strava for new activities...
2026-04-04 14:01:32,877 - INFO - Polling Strava for new activities...
2026-04-04 15:14:05,302 - INFO - Welly daemon started (PID: 4371)
2026-04-04 15:14:05,331 - INFO - Welly Monitor starting - always-on pattern detection
2026-04-04 17:14:13,353 - INFO - Polling Oura for new data...
2026-04-04 17:14:18,404 - INFO - Polling Strava for new activities...
2026-04-04 20:14:30,278 - INFO - Polling Strava for new activities...
2026-04-04 23:14:41,811 - INFO - Polling Oura for new data...
2026-04-04 23:14:42,690 - INFO - Polling Strava for new activities...
2026-04-05 02:14:54,225 - INFO - Polling Strava for new activities...
2026-04-05 05:15:05,746 - INFO - Polling Oura for new data...
2026-04-05 05:15:19,121 - INFO - Ingested Oura readiness data for 2026-04-04
2026-04-05 05:15:19,121 - INFO - Polling Strava for new activities...
2026-04-05 05:15:19,167 - INFO - New data found: ['oura']
2026-04-05 08:15:29,920 - INFO - Polling Strava for new activities...
2026-04-05 11:15:40,746 - INFO - Polling Oura for new data...
2026-04-05 11:15:41,566 - INFO - Polling Strava for new activities...
2026-04-05 14:15:52,486 - INFO - Polling Strava for new activities...
2026-04-05 17:16:03,529 - INFO - Polling Oura for new data...
2026-04-05 17:16:04,388 - INFO - Polling Strava for new activities...
2026-04-05 20:16:15,305 - INFO - Polling Strava for new activities...
2026-04-05 23:16:26,188 - INFO - Polling Oura for new data...
2026-04-05 23:16:27,297 - INFO - Polling Strava for new activities...
2026-04-06 02:16:38,153 - INFO - Polling Strava for new activities...
2026-04-06 05:16:48,735 - INFO - Polling Oura for new data...
2026-04-06 05:16:50,906 - INFO - Ingested Oura readiness data for 2026-04-05
2026-04-06 05:16:50,907 - INFO - Polling Strava for new activities...
2026-04-06 05:16:50,947 - INFO - New data found: ['oura']
2026-04-06 08:17:01,505 - INFO - Polling Strava for new activities...
2026-04-06 11:17:12,011 - INFO - Polling Oura for new data...
2026-04-06 11:17:19,175 - INFO - Polling Strava for new activities...
2026-04-06 14:17:29,747 - INFO - Polling Strava for new activities...
2026-04-06 17:17:40,168 - INFO - Polling Oura for new data...
2026-04-06 17:17:40,981 - INFO - Polling Strava for new activities...
2026-04-06 20:17:50,844 - INFO - Polling Strava for new activities...
2026-04-06 23:18:00,707 - INFO - Polling Oura for new data...
2026-04-06 23:18:01,589 - INFO - Polling Strava for new activities...
2026-04-07 02:18:12,207 - INFO - Polling Strava for new activities...
2026-04-07 05:18:22,349 - INFO - Polling Oura for new data...
2026-04-07 05:18:23,821 - INFO - Polling Strava for new activities...
2026-04-07 08:18:33,648 - INFO - Polling Strava for new activities...
2026-04-07 11:18:43,723 - INFO - Polling Oura for new data...
2026-04-07 11:18:44,905 - INFO - Polling Strava for new activities...
2026-04-07 14:18:54,801 - INFO - Polling Strava for new activities...
2026-04-07 17:19:04,842 - INFO - Polling Oura for new data...
2026-04-07 17:19:05,581 - INFO - Polling Strava for new activities...
2026-04-07 20:19:15,550 - INFO - Polling Strava for new activities...
2026-04-07 23:19:25,374 - INFO - Polling Oura for new data...
2026-04-07 23:19:26,205 - INFO - Polling Strava for new activities...
2026-04-08 02:19:36,104 - INFO - Polling Strava for new activities...
2026-04-08 05:19:46,025 - INFO - Polling Oura for new data...
2026-04-08 05:19:48,129 - INFO - Ingested Oura readiness data for 2026-04-07
2026-04-08 05:19:48,129 - INFO - Polling Strava for new activities...
2026-04-08 05:19:48,169 - INFO - New data found: ['oura']
2026-04-08 08:19:58,043 - INFO - Polling Strava for new activities...
2026-04-08 11:20:07,956 - INFO - Polling Oura for new data...
2026-04-08 11:20:09,659 - INFO - Polling Strava for new activities...
2026-04-08 14:20:19,597 - INFO - Polling Strava for new activities...
2026-04-08 17:20:29,668 - INFO - Polling Oura for new data...
2026-04-08 17:20:30,469 - INFO - Polling Strava for new activities...
2026-04-08 20:20:40,465 - INFO - Polling Strava for new activities...
2026-04-08 23:20:50,269 - INFO - Polling Oura for new data...
2026-04-08 23:20:51,035 - INFO - Polling Strava for new activities...
2026-04-09 00:08:32,615 - INFO - Welly daemon started (PID: 4371)
2026-04-09 00:08:32,635 - INFO - Welly Monitor starting - always-on pattern detection
2026-04-09 02:38:40,839 - INFO - Polling Strava for new activities...
2026-04-09 05:38:50,755 - INFO - Polling Oura for new data...
2026-04-09 05:38:52,377 - INFO - Ingested Oura readiness data for 2026-04-08
2026-04-09 05:38:52,377 - INFO - Polling Strava for new activities...
2026-04-09 05:38:52,415 - INFO - New data found: ['oura']
2026-04-09 08:39:02,318 - INFO - Polling Strava for new activities...
2026-04-09 11:39:12,259 - INFO - Polling Oura for new data...
2026-04-09 11:39:14,987 - INFO - Polling Strava for new activities...
2026-04-09 14:39:25,203 - INFO - Polling Strava for new activities...
2026-04-09 17:39:35,112 - INFO - Polling Oura for new data...
2026-04-09 17:39:36,080 - INFO - Polling Strava for new activities...
2026-04-09 20:39:46,027 - INFO - Polling Strava for new activities...
2026-04-09 23:39:55,889 - INFO - Polling Oura for new data...
2026-04-09 23:39:56,670 - INFO - Polling Strava for new activities...
2026-04-10 02:40:06,524 - INFO - Polling Strava for new activities...
2026-04-10 05:40:16,312 - INFO - Polling Oura for new data...
2026-04-10 05:40:20,709 - INFO - Ingested Oura readiness data for 2026-04-09
2026-04-10 05:40:20,709 - INFO - Polling Strava for new activities...
2026-04-10 05:40:20,742 - INFO - New data found: ['oura']
2026-04-10 08:40:30,368 - INFO - Polling Strava for new activities...
2026-04-10 11:40:40,167 - INFO - Polling Oura for new data...
2026-04-10 11:40:40,914 - INFO - Polling Strava for new activities...
2026-04-10 14:40:50,766 - INFO - Polling Strava for new activities...
2026-04-10 17:41:00,628 - INFO - Polling Oura for new data...
2026-04-10 17:41:01,476 - INFO - Polling Strava for new activities...
2026-04-10 20:41:11,351 - INFO - Polling Strava for new activities...
2026-04-10 23:41:21,122 - INFO - Polling Oura for new data...
2026-04-10 23:41:21,875 - INFO - Polling Strava for new activities...
2026-04-11 02:41:31,884 - INFO - Polling Strava for new activities...
2026-04-11 05:41:41,961 - INFO - Polling Oura for new data...
2026-04-11 05:41:43,591 - INFO - Ingested Oura readiness data for 2026-04-10
2026-04-11 05:41:43,591 - INFO - Polling Strava for new activities...
2026-04-11 05:41:43,623 - INFO - New data found: ['oura']
2026-04-11 07:36:17,810 - INFO - Welly daemon started (PID: 4371)
2026-04-11 07:36:17,830 - INFO - Welly Monitor starting - always-on pattern detection
2026-04-11 09:06:22,747 - INFO - Polling Strava for new activities...
2026-04-11 12:06:32,575 - INFO - Polling Oura for new data...
2026-04-11 12:06:33,399 - INFO - Polling Strava for new activities...
2026-04-11 15:06:43,176 - INFO - Polling Strava for new activities...
2026-04-11 18:06:53,001 - INFO - Polling Oura for new data...
2026-04-11 18:06:53,840 - INFO - Polling Strava for new activities...
2026-04-11 21:07:03,699 - INFO - Polling Strava for new activities...
2026-04-12 00:07:13,523 - INFO - Polling Oura for new data...
2026-04-12 00:07:33,509 - INFO - Ingested Oura readiness data for 2026-04-11
2026-04-12 00:07:33,509 - INFO - Polling Strava for new activities...
2026-04-12 00:07:33,574 - INFO - New data found: ['oura']
2026-04-12 03:07:43,429 - INFO - Polling Strava for new activities...
2026-04-12 06:07:53,354 - INFO - Polling Oura for new data...
2026-04-12 06:07:54,069 - INFO - Polling Strava for new activities...
2026-04-12 09:08:03,813 - INFO - Polling Strava for new activities...
2026-04-12 12:08:13,656 - INFO - Polling Oura for new data...
2026-04-12 12:08:19,914 - INFO - Polling Strava for new activities...
2026-04-12 15:08:29,795 - INFO - Polling Strava for new activities...
2026-04-12 18:08:39,678 - INFO - Polling Oura for new data...
2026-04-12 18:08:40,452 - INFO - Polling Strava for new activities...
2026-04-12 21:08:50,341 - INFO - Polling Strava for new activities...
2026-04-13 00:09:00,223 - INFO - Polling Oura for new data...
2026-04-13 00:09:03,731 - INFO - Ingested Oura readiness data for 2026-04-12
2026-04-13 00:09:03,731 - INFO - Polling Strava for new activities...
2026-04-13 00:09:03,772 - INFO - New data found: ['oura']
2026-04-13 03:09:13,603 - INFO - Polling Strava for new activities...
2026-04-13 06:09:23,534 - INFO - Polling Oura for new data...
2026-04-13 06:09:24,304 - INFO - Polling Strava for new activities...
2026-04-13 09:09:34,129 - INFO - Polling Strava for new activities...
2026-04-13 12:09:44,082 - INFO - Polling Oura for new data...
2026-04-13 12:09:44,869 - INFO - Polling Strava for new activities...
2026-04-13 12:44:22,663 - INFO - Welly daemon started (PID: 4371)
2026-04-13 12:44:22,671 - INFO - Welly Monitor starting - always-on pattern detection
2026-04-13 15:14:31,034 - INFO - Polling Strava for new activities...
2026-04-13 18:14:41,004 - INFO - Polling Oura for new data...
2026-04-13 18:14:41,826 - INFO - Polling Strava for new activities...
2026-04-13 21:14:51,848 - INFO - Polling Strava for new activities...
2026-04-14 00:15:01,896 - INFO - Polling Oura for new data...
2026-04-14 00:15:04,667 - INFO - Ingested Oura readiness data for 2026-04-13
2026-04-14 00:15:04,667 - INFO - Polling Strava for new activities...
2026-04-14 00:15:04,702 - INFO - New data found: ['oura']
2026-04-14 03:15:14,597 - INFO - Polling Strava for new activities...
2026-04-14 06:15:24,423 - INFO - Polling Oura for new data...
2026-04-14 06:15:25,374 - INFO - Polling Strava for new activities...
2026-04-14 07:38:26,736 - INFO - Welly daemon started (PID: 4371)
2026-04-14 07:38:26,747 - INFO - Welly Monitor starting - always-on pattern detection
2026-04-14 09:38:33,292 - INFO - Polling Strava for new activities...
2026-04-14 12:38:43,235 - INFO - Polling Oura for new data...
2026-04-14 12:38:44,004 - INFO - Polling Strava for new activities...
2026-04-14 15:38:54,024 - INFO - Polling Strava for new activities...
2026-04-14 18:39:04,073 - INFO - Polling Oura for new data...
2026-04-14 18:39:04,843 - INFO - Polling Strava for new activities...
2026-04-14 21:39:14,957 - INFO - Polling Strava for new activities...
2026-04-15 00:39:24,856 - INFO - Polling Oura for new data...
2026-04-15 00:39:26,580 - INFO - Ingested Oura readiness data for 2026-04-14
2026-04-15 00:39:26,580 - INFO - Polling Strava for new activities...
2026-04-15 00:39:26,620 - INFO - New data found: ['oura']
2026-04-15 03:39:36,493 - INFO - Polling Strava for new activities...
2026-04-15 06:39:46,424 - INFO - Polling Oura for new data...
2026-04-15 06:39:47,409 - INFO - Polling Strava for new activities...
2026-04-15 07:34:57,315 - INFO - Welly daemon started (PID: 4371)
2026-04-15 07:34:57,327 - INFO - Welly Monitor starting - always-on pattern detection
2026-04-15 10:05:05,558 - INFO - Polling Strava for new activities...
2026-04-15 13:05:15,771 - INFO - Polling Oura for new data...
2026-04-15 13:05:17,579 - INFO - Polling Strava for new activities...
2026-04-15 16:05:27,632 - INFO - Polling Strava for new activities...
2026-04-15 19:05:37,504 - INFO - Polling Oura for new data...
2026-04-15 19:05:38,326 - INFO - Polling Strava for new activities...
2026-04-15 22:05:48,176 - INFO - Polling Strava for new activities...
2026-04-16 01:05:57,953 - INFO - Polling Oura for new data...
2026-04-16 01:05:59,655 - INFO - Ingested Oura readiness data for 2026-04-15
2026-04-16 01:05:59,657 - INFO - Polling Strava for new activities...
2026-04-16 01:05:59,692 - INFO - New data found: ['oura']
2026-04-16 04:06:09,518 - INFO - Polling Strava for new activities...
2026-04-16 07:06:19,305 - INFO - Polling Oura for new data...
2026-04-16 07:06:20,397 - INFO - Polling Strava for new activities...
2026-04-16 07:35:19,838 - INFO - Welly daemon started (PID: 4371)
2026-04-16 07:35:19,848 - INFO - Welly Monitor starting - always-on pattern detection
2026-04-16 10:35:29,596 - INFO - Polling Strava for new activities...
2026-04-16 13:35:39,367 - INFO - Polling Oura for new data...
2026-04-16 13:35:40,115 - INFO - Polling Strava for new activities...
2026-04-16 16:35:49,887 - INFO - Polling Strava for new activities...
2026-04-16 19:35:59,753 - INFO - Polling Oura for new data...
2026-04-16 19:36:00,563 - INFO - Polling Strava for new activities...
2026-04-16 22:36:10,477 - INFO - Polling Strava for new activities...
2026-04-17 01:36:20,296 - INFO - Polling Oura for new data...
2026-04-17 01:36:21,947 - INFO - Ingested Oura readiness data for 2026-04-16
2026-04-17 01:36:21,947 - INFO - Polling Strava for new activities...
2026-04-17 01:36:21,986 - INFO - New data found: ['oura']
2026-04-17 04:36:31,882 - INFO - Polling Strava for new activities...
2026-04-17 07:35:20,676 - INFO - Welly daemon started (PID: 4371)
2026-04-17 07:35:20,688 - INFO - Welly Monitor starting - always-on pattern detection
2026-04-17 08:05:22,366 - INFO - Polling Oura for new data...
2026-04-17 08:05:23,137 - INFO - Polling Strava for new activities...
2026-04-17 11:05:33,183 - INFO - Polling Strava for new activities...
2026-04-17 14:05:43,062 - INFO - Polling Oura for new data...
2026-04-17 14:05:43,825 - INFO - Polling Strava for new activities...
2026-04-17 17:05:53,689 - INFO - Polling Strava for new activities...
2026-04-17 20:06:03,608 - INFO - Polling Oura for new data...
2026-04-17 20:06:04,791 - INFO - Polling Strava for new activities...
2026-04-17 23:06:14,589 - INFO - Polling Strava for new activities...
2026-04-18 02:06:24,367 - INFO - Polling Oura for new data...
2026-04-18 02:06:25,131 - INFO - Polling Strava for new activities...
2026-04-18 05:06:34,908 - INFO - Polling Strava for new activities...
2026-04-18 07:33:30,442 - INFO - Welly daemon started (PID: 4371)
2026-04-18 07:33:30,455 - INFO - Welly Monitor starting - always-on pattern detection
2026-04-18 08:33:33,650 - INFO - Polling Oura for new data...
2026-04-18 08:33:34,439 - INFO - Polling Strava for new activities...
2026-04-18 11:33:44,322 - INFO - Polling Strava for new activities...
2026-04-18 14:33:54,216 - INFO - Polling Oura for new data...
2026-04-18 14:33:54,956 - INFO - Polling Strava for new activities...
2026-04-18 17:34:04,755 - INFO - Polling Strava for new activities...
2026-04-18 20:34:14,674 - INFO - Polling Oura for new data...
2026-04-18 20:34:15,707 - INFO - Polling Strava for new activities...
2026-04-18 23:34:25,525 - INFO - Polling Strava for new activities...
2026-04-19 02:34:35,342 - INFO - Polling Oura for new data...
2026-04-19 02:34:36,994 - INFO - Ingested Oura readiness data for 2026-04-18
2026-04-19 02:34:36,994 - INFO - Polling Strava for new activities...
2026-04-19 02:34:37,032 - INFO - New data found: ['oura']
2026-04-19 05:34:46,903 - INFO - Polling Strava for new activities...
2026-04-19 07:35:51,603 - INFO - Welly daemon started (PID: 4371)
2026-04-19 07:35:51,613 - INFO - Welly Monitor starting - always-on pattern detection
2026-04-19 08:35:54,814 - INFO - Polling Oura for new data...
2026-04-19 08:35:55,552 - INFO - Polling Strava for new activities...
2026-04-19 11:36:05,362 - INFO - Polling Strava for new activities...
2026-04-19 14:36:15,256 - INFO - Polling Oura for new data...
2026-04-19 14:36:16,222 - INFO - Polling Strava for new activities...
2026-04-19 17:36:26,031 - INFO - Polling Strava for new activities...
2026-04-19 20:36:35,872 - INFO - Polling Oura for new data...
2026-04-19 20:36:36,698 - INFO - Polling Strava for new activities...
2026-04-19 23:36:46,548 - INFO - Polling Strava for new activities...
2026-04-20 02:36:56,382 - INFO - Polling Oura for new data...
2026-04-20 02:36:57,998 - INFO - Ingested Oura readiness data for 2026-04-19
2026-04-20 02:36:57,998 - INFO - Polling Strava for new activities...
2026-04-20 02:36:58,041 - INFO - New data found: ['oura']
2026-04-20 05:37:07,828 - INFO - Polling Strava for new activities...
2026-04-20 07:35:41,164 - INFO - Welly daemon started (PID: 4371)
2026-04-20 07:35:41,181 - INFO - Welly Monitor starting - always-on pattern detection
2026-04-20 09:05:46,058 - INFO - Polling Oura for new data...
2026-04-20 09:05:46,840 - INFO - Polling Strava for new activities...
2026-04-20 12:05:56,580 - INFO - Polling Strava for new activities...
2026-04-20 15:06:06,508 - INFO - Polling Oura for new data...
2026-04-20 15:06:07,267 - INFO - Polling Strava for new activities...
2026-04-20 18:06:17,270 - INFO - Polling Strava for new activities...
2026-04-20 21:06:27,298 - INFO - Polling Oura for new data...
2026-04-20 21:06:28,134 - INFO - Polling Strava for new activities...
2026-04-21 00:06:38,500 - INFO - Polling Strava for new activities...
2026-04-21 03:06:48,484 - INFO - Polling Oura for new data...
2026-04-21 03:06:50,360 - INFO - Ingested Oura readiness data for 2026-04-20
2026-04-21 03:06:50,360 - INFO - Polling Strava for new activities...
2026-04-21 03:06:50,402 - INFO - New data found: ['oura']
2026-04-21 06:07:00,280 - INFO - Polling Strava for new activities...
2026-04-21 07:36:04,954 - INFO - Welly daemon started (PID: 4371)
2026-04-21 07:36:04,968 - INFO - Welly Monitor starting - always-on pattern detection
2026-04-21 09:36:11,609 - INFO - Polling Oura for new data...
2026-04-21 09:36:12,759 - INFO - Polling Strava for new activities...
2026-04-21 12:36:22,767 - INFO - Polling Strava for new activities...
2026-04-21 15:36:32,877 - INFO - Polling Oura for new data...
2026-04-21 15:36:33,695 - INFO - Polling Strava for new activities...
2026-04-21 18:36:43,789 - INFO - Polling Strava for new activities...
2026-04-21 21:36:53,954 - INFO - Polling Oura for new data...
2026-04-21 21:36:54,909 - INFO - Polling Strava for new activities...
2026-04-22 00:37:05,005 - INFO - Polling Strava for new activities...
2026-04-22 03:37:15,147 - INFO - Polling Oura for new data...
2026-04-22 03:37:50,584 - INFO - Ingested Oura readiness data for 2026-04-21
2026-04-22 03:37:50,584 - INFO - Polling Strava for new activities...
2026-04-22 03:37:50,623 - INFO - New data found: ['oura']
2026-04-22 06:38:00,675 - INFO - Polling Strava for new activities...
2026-04-22 07:35:16,984 - INFO - Welly daemon started (PID: 4371)
2026-04-22 07:35:16,999 - INFO - Welly Monitor starting - always-on pattern detection
2026-04-22 10:05:25,383 - INFO - Polling Oura for new data...
2026-04-22 10:05:54,307 - INFO - Polling Strava for new activities...
2026-04-22 13:06:04,219 - INFO - Polling Strava for new activities...
2026-04-22 13:31:27,645 - INFO - Welly daemon started (PID: 4371)
2026-04-22 13:31:27,668 - INFO - Welly Monitor starting - always-on pattern detection
2026-04-22 16:31:37,664 - INFO - Polling Oura for new data...
2026-04-22 16:31:38,580 - INFO - Polling Strava for new activities...
2026-04-22 19:31:48,561 - INFO - Polling Strava for new activities...
2026-04-22 22:31:58,621 - INFO - Polling Oura for new data...
2026-04-22 22:31:59,523 - INFO - Polling Strava for new activities...
2026-04-23 01:32:09,809 - INFO - Polling Strava for new activities...
2026-04-23 04:32:20,078 - INFO - Polling Oura for new data...
2026-04-23 04:32:22,802 - INFO - Ingested Oura readiness data for 2026-04-22
2026-04-23 04:32:22,802 - INFO - Polling Strava for new activities...
2026-04-23 04:32:22,846 - INFO - New data found: ['oura']
2026-04-23 07:32:32,792 - INFO - Polling Strava for new activities...
2026-04-23 07:34:39,655 - INFO - Welly daemon started (PID: 4371)
2026-04-23 07:34:39,667 - INFO - Welly Monitor starting - always-on pattern detection
2026-04-23 10:34:49,748 - INFO - Polling Oura for new data...
2026-04-23 10:34:50,539 - INFO - Polling Strava for new activities...
2026-04-23 13:35:00,695 - INFO - Polling Strava for new activities...
2026-04-23 16:35:11,319 - INFO - Polling Oura for new data...
2026-04-23 16:35:12,225 - INFO - Polling Strava for new activities...
2026-04-23 19:35:22,451 - INFO - Polling Strava for new activities...
2026-04-23 22:35:32,397 - INFO - Polling Oura for new data...
2026-04-23 22:35:34,597 - INFO - Polling Strava for new activities...
2026-04-24 01:35:44,697 - INFO - Polling Strava for new activities...
2026-04-24 04:35:54,972 - INFO - Polling Oura for new data...
2026-04-24 04:35:56,712 - INFO - Ingested Oura readiness data for 2026-04-23
2026-04-24 04:35:56,712 - INFO - Polling Strava for new activities...
2026-04-24 04:35:56,751 - INFO - New data found: ['oura']
2026-04-24 07:35:03,239 - INFO - Welly daemon started (PID: 4371)
2026-04-24 07:35:03,251 - INFO - Welly Monitor starting - always-on pattern detection
2026-04-24 08:05:05,042 - INFO - Polling Strava for new activities...
2026-04-24 11:05:15,014 - INFO - Polling Oura for new data...
2026-04-24 11:05:15,793 - INFO - Polling Strava for new activities...
2026-04-24 14:05:25,968 - INFO - Polling Strava for new activities...
2026-04-24 17:05:36,080 - INFO - Polling Oura for new data...
2026-04-24 17:05:37,247 - INFO - Polling Strava for new activities...
2026-04-24 20:05:47,304 - INFO - Polling Strava for new activities...
2026-04-24 23:05:57,457 - INFO - Polling Oura for new data...
2026-04-24 23:05:58,320 - INFO - Polling Strava for new activities...
2026-04-25 02:06:08,431 - INFO - Polling Strava for new activities...
2026-04-25 05:06:18,696 - INFO - Polling Oura for new data...
2026-04-25 05:06:20,840 - INFO - Ingested Oura readiness data for 2026-04-24
2026-04-25 05:06:20,840 - INFO - Polling Strava for new activities...
2026-04-25 05:06:20,883 - INFO - New data found: ['oura']
2026-04-25 07:34:16,795 - INFO - Welly daemon started (PID: 4371)
2026-04-25 07:34:16,805 - INFO - Welly Monitor starting - always-on pattern detection
2026-04-25 08:34:20,137 - INFO - Polling Strava for new activities...
2026-04-25 11:34:30,393 - INFO - Polling Oura for new data...
2026-04-25 11:34:33,274 - INFO - Polling Strava for new activities...
2026-04-25 14:34:43,510 - INFO - Polling Strava for new activities...
2026-04-25 17:34:53,785 - INFO - Polling Oura for new data...
2026-04-25 17:34:54,549 - INFO - Polling Strava for new activities...
2026-04-25 20:35:04,659 - INFO - Polling Strava for new activities...
2026-04-25 23:35:14,682 - INFO - Polling Oura for new data...
2026-04-25 23:35:17,032 - INFO - Polling Strava for new activities...
2026-04-26 02:35:27,038 - INFO - Polling Strava for new activities...
2026-04-26 05:35:37,138 - INFO - Polling Oura for new data...
2026-04-26 05:35:39,256 - INFO - Ingested Oura readiness data for 2026-04-25
2026-04-26 05:35:39,256 - INFO - Polling Strava for new activities...
2026-04-26 05:35:39,295 - INFO - New data found: ['oura']
2026-04-26 07:33:31,813 - INFO - Welly daemon started (PID: 4371)
2026-04-26 07:33:31,827 - INFO - Welly Monitor starting - always-on pattern detection
2026-04-26 09:03:36,832 - INFO - Polling Strava for new activities...
2026-04-26 12:03:46,994 - INFO - Polling Oura for new data...
2026-04-26 12:03:47,841 - INFO - Polling Strava for new activities...
2026-04-26 15:03:57,939 - INFO - Polling Strava for new activities...
2026-04-26 18:04:07,950 - INFO - Polling Oura for new data...
2026-04-26 18:04:08,844 - INFO - Polling Strava for new activities...
2026-04-26 21:04:18,999 - INFO - Polling Strava for new activities...
2026-04-27 00:04:29,246 - INFO - Polling Oura for new data...
2026-04-27 00:04:43,270 - INFO - Ingested Oura readiness data for 2026-04-26
2026-04-27 00:04:43,270 - INFO - Polling Strava for new activities...
2026-04-27 00:04:43,317 - INFO - New data found: ['oura']
2026-04-27 03:04:53,373 - INFO - Polling Strava for new activities...
2026-04-27 06:05:03,306 - INFO - Polling Oura for new data...
2026-04-27 06:05:04,134 - INFO - Polling Strava for new activities...
2026-04-27 07:35:38,318 - INFO - Welly daemon started (PID: 4371)
2026-04-27 07:35:38,335 - INFO - Welly Monitor starting - always-on pattern detection
2026-04-27 09:05:43,280 - INFO - Polling Strava for new activities...
2026-04-27 12:05:53,188 - INFO - Polling Oura for new data...
2026-04-27 12:05:54,269 - INFO - Polling Strava for new activities...
2026-04-27 15:06:04,357 - INFO - Polling Strava for new activities...
2026-04-27 18:06:14,479 - INFO - Polling Oura for new data...
2026-04-27 18:06:15,414 - INFO - Polling Strava for new activities...
2026-04-27 21:06:25,450 - INFO - Polling Strava for new activities...
2026-04-28 00:06:35,168 - INFO - Polling Oura for new data...
2026-04-28 00:06:57,316 - INFO - Ingested Oura readiness data for 2026-04-27
2026-04-28 00:06:57,316 - INFO - Polling Strava for new activities...
2026-04-28 00:06:57,359 - INFO - New data found: ['oura']
2026-04-28 03:07:07,081 - INFO - Polling Strava for new activities...
2026-04-28 06:07:16,909 - INFO - Polling Oura for new data...
2026-04-28 06:07:17,896 - INFO - Polling Strava for new activities...
2026-04-28 07:35:24,471 - INFO - Welly daemon started (PID: 4371)
2026-04-28 07:35:24,480 - INFO - Welly Monitor starting - always-on pattern detection
2026-04-28 09:35:31,119 - INFO - Polling Strava for new activities...
2026-04-28 12:35:41,078 - INFO - Polling Oura for new data...
2026-04-28 12:35:41,906 - INFO - Polling Strava for new activities...
2026-04-28 15:35:52,038 - INFO - Polling Strava for new activities...
2026-04-28 18:36:02,644 - INFO - Polling Oura for new data...
2026-04-28 18:36:03,720 - INFO - Polling Strava for new activities...
2026-04-28 21:36:13,791 - INFO - Polling Strava for new activities...
2026-04-29 00:36:23,808 - INFO - Polling Oura for new data...
2026-04-29 00:36:25,755 - INFO - Ingested Oura readiness data for 2026-04-28
2026-04-29 00:36:25,755 - INFO - Polling Strava for new activities...
2026-04-29 00:36:25,833 - INFO - New data found: ['oura']
2026-04-29 03:36:35,716 - INFO - Polling Strava for new activities...
2026-04-29 06:36:45,688 - INFO - Polling Oura for new data...
2026-04-29 06:36:46,494 - INFO - Polling Strava for new activities...
2026-04-29 07:35:24,412 - INFO - Welly daemon started (PID: 4371)
2026-04-29 07:35:24,423 - INFO - Welly Monitor starting - always-on pattern detection
2026-04-29 10:05:32,835 - INFO - Polling Strava for new activities...
2026-04-29 13:05:42,882 - INFO - Polling Oura for new data...
2026-04-29 13:05:43,734 - INFO - Polling Strava for new activities...
2026-04-29 16:05:53,784 - INFO - Polling Strava for new activities...
2026-04-29 19:06:03,857 - INFO - Polling Oura for new data...
2026-04-29 19:06:04,992 - INFO - Polling Strava for new activities...
2026-04-29 22:06:15,080 - INFO - Polling Strava for new activities...
2026-04-30 01:06:25,154 - INFO - Polling Oura for new data...
2026-04-30 01:06:26,934 - INFO - Ingested Oura readiness data for 2026-04-29
2026-04-30 01:06:26,935 - INFO - Polling Strava for new activities...
2026-04-30 01:06:26,975 - INFO - New data found: ['oura']
2026-04-30 04:06:36,897 - INFO - Polling Strava for new activities...
2026-04-30 07:06:46,838 - INFO - Polling Oura for new data...
2026-04-30 07:06:47,589 - INFO - Polling Strava for new activities...
2026-04-30 07:32:02,989 - INFO - Welly daemon started (PID: 4371)
2026-04-30 07:32:03,000 - INFO - Welly Monitor starting - always-on pattern detection
2026-04-30 10:32:12,908 - INFO - Polling Strava for new activities...
2026-04-30 13:32:22,978 - INFO - Polling Oura for new data...
2026-04-30 13:32:23,898 - INFO - Polling Strava for new activities...
2026-04-30 16:32:34,129 - INFO - Polling Strava for new activities...
2026-04-30 19:32:44,313 - INFO - Polling Oura for new data...
2026-04-30 19:32:45,196 - INFO - Polling Strava for new activities...
2026-04-30 22:32:55,477 - INFO - Polling Strava for new activities...
2026-04-30 22:32:55,514 - ERROR - Error analyzing patterns: unsupported operand type(s) for +: 'int' and 'NoneType'
2026-05-01 01:33:05,514 - INFO - Polling Oura for new data...
2026-05-01 01:33:07,417 - INFO - Ingested Oura readiness data for 2026-04-30
2026-05-01 01:33:07,419 - INFO - Polling Strava for new activities...
2026-05-01 01:33:07,464 - INFO - New data found: ['oura']
2026-05-01 01:33:07,465 - ERROR - Error polling data: unsupported operand type(s) for +: 'int' and 'NoneType'
2026-05-01 01:33:07,466 - ERROR - Error analyzing patterns: unsupported operand type(s) for +: 'int' and 'NoneType'
2026-05-01 02:03:09,161 - INFO - Polling Strava for new activities...
2026-05-01 02:03:09,199 - ERROR - Error analyzing patterns: unsupported operand type(s) for +: 'int' and 'NoneType'
2026-05-01 05:03:19,283 - INFO - Polling Strava for new activities...
2026-05-01 05:03:19,321 - ERROR - Error analyzing patterns: unsupported operand type(s) for +: 'int' and 'NoneType'
2026-05-01 07:34:58,031 - INFO - Welly daemon started (PID: 4371)
2026-05-01 07:34:58,051 - INFO - Welly Monitor starting - always-on pattern detection
2026-05-01 08:04:59,724 - INFO - Polling Oura for new data...
2026-05-01 08:05:00,579 - INFO - Polling Strava for new activities...
2026-05-01 11:05:10,878 - INFO - Polling Strava for new activities...
2026-05-01 14:05:21,154 - INFO - Polling Oura for new data...
2026-05-01 14:05:22,294 - INFO - Polling Strava for new activities...
2026-05-01 17:05:32,513 - INFO - Polling Strava for new activities...
2026-05-01 20:05:42,615 - INFO - Polling Oura for new data...
2026-05-01 20:05:43,443 - INFO - Polling Strava for new activities...
2026-05-01 23:05:53,650 - INFO - Polling Strava for new activities...
2026-05-02 02:06:03,752 - INFO - Polling Oura for new data...
2026-05-02 02:06:05,592 - INFO - Ingested Oura readiness data for 2026-05-01
2026-05-02 02:06:05,592 - INFO - Polling Strava for new activities...
2026-05-02 02:06:05,633 - INFO - New data found: ['oura']
2026-05-02 05:06:15,675 - INFO - Polling Strava for new activities...
2026-05-02 08:06:25,794 - INFO - Polling Oura for new data...
2026-05-02 08:06:26,573 - INFO - Polling Strava for new activities...
2026-05-02 11:06:36,551 - INFO - Polling Strava for new activities...
2026-05-02 14:06:46,647 - INFO - Polling Oura for new data...
2026-05-02 14:06:47,570 - INFO - Polling Strava for new activities...
2026-05-02 17:06:57,724 - INFO - Polling Strava for new activities...
2026-05-02 20:07:07,793 - INFO - Polling Oura for new data...
2026-05-02 20:07:08,677 - INFO - Polling Strava for new activities...
2026-05-02 23:07:18,757 - INFO - Polling Strava for new activities...
2026-05-03 02:07:28,831 - INFO - Polling Oura for new data...
2026-05-03 02:07:30,959 - INFO - Ingested Oura readiness data for 2026-05-02
2026-05-03 02:07:30,959 - INFO - Polling Strava for new activities...
2026-05-03 02:07:31,007 - INFO - New data found: ['oura']
2026-05-03 05:07:41,199 - INFO - Polling Strava for new activities...
2026-05-03 08:07:51,249 - INFO - Polling Oura for new data...
2026-05-03 08:07:52,049 - INFO - Polling Strava for new activities...
2026-05-03 11:08:02,271 - INFO - Polling Strava for new activities...
2026-05-03 14:08:12,479 - INFO - Polling Oura for new data...
2026-05-03 14:08:13,351 - INFO - Polling Strava for new activities...
2026-05-03 17:08:23,566 - INFO - Polling Strava for new activities...
2026-05-03 20:08:33,800 - INFO - Polling Oura for new data...
2026-05-03 20:08:34,995 - INFO - Polling Strava for new activities...
2026-05-03 23:08:45,419 - INFO - Polling Strava for new activities...
2026-05-04 02:08:56,095 - INFO - Polling Oura for new data...
2026-05-04 02:08:58,094 - INFO - Ingested Oura readiness data for 2026-05-03
2026-05-04 02:08:58,094 - INFO - Polling Strava for new activities...
2026-05-04 02:08:58,157 - INFO - New data found: ['oura']
2026-05-04 05:09:08,758 - INFO - Polling Strava for new activities...
2026-05-04 08:09:19,204 - INFO - Polling Oura for new data...
2026-05-04 08:09:21,296 - INFO - Ingested Oura readiness data for 2026-05-03
2026-05-04 08:09:21,297 - INFO - Polling Strava for new activities...
2026-05-04 08:09:21,335 - INFO - New data found: ['oura']
2026-05-04 11:09:31,609 - INFO - Polling Strava for new activities...
2026-05-04 14:09:41,998 - INFO - Polling Oura for new data...
2026-05-04 14:09:42,885 - INFO - Polling Strava for new activities...
2026-05-04 17:09:53,115 - INFO - Polling Strava for new activities...
2026-05-04 20:10:03,072 - INFO - Polling Oura for new data...
2026-05-04 20:10:04,111 - INFO - Polling Strava for new activities...
2026-05-04 23:10:14,211 - INFO - Polling Strava for new activities...
2026-05-05 02:10:24,454 - INFO - Polling Oura for new data...
2026-05-05 02:10:26,668 - INFO - Ingested Oura readiness data for 2026-05-04
2026-05-05 02:10:26,668 - INFO - Polling Strava for new activities...
2026-05-05 02:10:26,716 - INFO - New data found: ['oura']
2026-05-05 05:10:36,709 - INFO - Polling Strava for new activities...
2026-05-05 07:36:08,981 - INFO - Welly daemon started (PID: 4371)
2026-05-05 07:36:08,991 - INFO - Welly Monitor starting - always-on pattern detection
2026-05-05 08:36:12,314 - INFO - Polling Oura for new data...
2026-05-05 08:36:13,239 - INFO - Polling Strava for new activities...
2026-05-05 11:36:23,200 - INFO - Polling Strava for new activities...
2026-05-05 14:36:33,213 - INFO - Polling Oura for new data...
2026-05-05 14:36:33,991 - INFO - Polling Strava for new activities...
2026-05-05 17:36:44,039 - INFO - Polling Strava for new activities...
2026-05-05 20:36:54,129 - INFO - Polling Oura for new data...
2026-05-05 20:36:54,934 - INFO - Polling Strava for new activities...
2026-05-05 23:37:04,901 - INFO - Polling Strava for new activities...
2026-05-06 02:37:14,940 - INFO - Polling Oura for new data...
2026-05-06 02:37:17,345 - INFO - Ingested Oura readiness data for 2026-05-05
2026-05-06 02:37:17,346 - INFO - Polling Strava for new activities...
2026-05-06 02:37:17,393 - INFO - New data found: ['oura']
2026-05-06 05:37:27,399 - INFO - Polling Strava for new activities...
2026-05-06 07:36:39,019 - INFO - Welly daemon started (PID: 4371)
2026-05-06 07:36:39,032 - INFO - Welly Monitor starting - always-on pattern detection
2026-05-06 09:06:44,015 - INFO - Polling Oura for new data...
2026-05-06 09:06:45,035 - INFO - Polling Strava for new activities...
2026-05-06 12:06:55,206 - INFO - Polling Strava for new activities...
2026-05-06 15:07:05,290 - INFO - Polling Oura for new data...
2026-05-06 15:07:06,149 - INFO - Polling Strava for new activities...
2026-05-06 18:07:16,362 - INFO - Polling Strava for new activities...
2026-05-06 21:07:26,288 - INFO - Polling Oura for new data...
2026-05-06 21:07:27,130 - INFO - Polling Strava for new activities...
2026-05-07 00:07:37,096 - INFO - Polling Strava for new activities...
2026-05-07 03:07:47,206 - INFO - Polling Oura for new data...
2026-05-07 03:07:48,976 - INFO - Ingested Oura readiness data for 2026-05-06
2026-05-07 03:07:48,976 - INFO - Polling Strava for new activities...
2026-05-07 03:07:49,022 - INFO - New data found: ['oura']
2026-05-07 06:07:59,225 - INFO - Polling Strava for new activities...
2026-05-07 07:35:38,565 - INFO - Welly daemon started (PID: 4371)
2026-05-07 07:35:38,587 - INFO - Welly Monitor starting - always-on pattern detection
2026-05-07 09:35:45,412 - INFO - Polling Oura for new data...
2026-05-07 09:35:46,238 - INFO - Polling Strava for new activities...
2026-05-07 12:35:56,606 - INFO - Polling Strava for new activities...
2026-05-07 15:36:07,128 - INFO - Polling Oura for new data...
2026-05-07 15:36:08,018 - INFO - Polling Strava for new activities...
2026-05-07 18:36:18,452 - INFO - Polling Strava for new activities...
2026-05-07 21:36:28,555 - INFO - Polling Oura for new data...
2026-05-07 21:36:29,543 - INFO - Polling Strava for new activities...
2026-05-08 00:36:39,567 - INFO - Polling Strava for new activities...
2026-05-08 03:36:49,648 - INFO - Polling Oura for new data...
2026-05-08 03:36:51,527 - INFO - Ingested Oura readiness data for 2026-05-07
2026-05-08 03:36:51,527 - INFO - Polling Strava for new activities...
2026-05-08 03:36:51,569 - INFO - New data found: ['oura']
2026-05-08 06:37:01,650 - INFO - Polling Strava for new activities...
2026-05-08 07:35:02,327 - INFO - Welly daemon started (PID: 4371)
2026-05-08 07:35:02,353 - INFO - Welly Monitor starting - always-on pattern detection
2026-05-08 10:05:10,928 - INFO - Polling Oura for new data...
2026-05-08 10:05:11,788 - INFO - Polling Strava for new activities...
2026-05-08 13:05:21,990 - INFO - Polling Strava for new activities...
2026-05-08 16:05:32,364 - INFO - Polling Oura for new data...
2026-05-08 16:05:33,222 - INFO - Polling Strava for new activities...
2026-05-08 19:05:43,308 - INFO - Polling Strava for new activities...
2026-05-08 22:05:53,567 - INFO - Polling Oura for new data...
2026-05-08 22:05:54,443 - INFO - Polling Strava for new activities...
2026-05-09 01:06:04,936 - INFO - Polling Strava for new activities...
2026-05-09 04:06:15,424 - INFO - Polling Oura for new data...
2026-05-09 04:06:17,167 - INFO - Ingested Oura readiness data for 2026-05-08
2026-05-09 04:06:17,167 - INFO - Polling Strava for new activities...
2026-05-09 04:06:17,216 - INFO - New data found: ['oura']
2026-05-09 07:06:27,438 - INFO - Polling Strava for new activities...
2026-05-09 07:34:43,314 - INFO - Welly daemon started (PID: 4371)
2026-05-09 07:34:43,335 - INFO - Welly Monitor starting - always-on pattern detection
2026-05-09 10:34:53,466 - INFO - Polling Oura for new data...
2026-05-09 10:34:54,265 - INFO - Polling Strava for new activities...
2026-05-09 13:35:04,528 - INFO - Polling Strava for new activities...
2026-05-09 16:35:14,832 - INFO - Polling Oura for new data...
2026-05-09 16:35:15,714 - INFO - Polling Strava for new activities...
2026-05-09 19:35:25,978 - INFO - Polling Strava for new activities...
2026-05-09 22:35:36,072 - INFO - Polling Oura for new data...
2026-05-09 22:35:36,997 - INFO - Polling Strava for new activities...
2026-05-10 01:35:47,120 - INFO - Polling Strava for new activities...
2026-05-10 04:35:57,268 - INFO - Polling Oura for new data...
2026-05-10 04:35:58,983 - INFO - Ingested Oura readiness data for 2026-05-09
2026-05-10 04:35:58,983 - INFO - Polling Strava for new activities...
2026-05-10 04:35:59,035 - INFO - New data found: ['oura']
2026-05-10 07:36:09,173 - INFO - Polling Strava for new activities...
2026-05-10 07:37:36,755 - INFO - Welly daemon started (PID: 4371)
2026-05-10 07:37:36,765 - INFO - Welly Monitor starting - always-on pattern detection
2026-05-10 10:37:46,829 - INFO - Polling Oura for new data...
2026-05-10 10:37:47,678 - INFO - Polling Strava for new activities...
2026-05-10 13:37:57,922 - INFO - Polling Strava for new activities...
2026-05-10 16:38:08,403 - INFO - Polling Oura for new data...
2026-05-10 16:38:09,298 - INFO - Polling Strava for new activities...
2026-05-10 19:38:19,997 - INFO - Polling Strava for new activities...
2026-05-10 22:38:30,585 - INFO - Polling Oura for new data...
2026-05-10 22:38:31,403 - INFO - Polling Strava for new activities...
2026-05-11 01:38:41,576 - INFO - Polling Strava for new activities...
2026-05-11 04:38:51,753 - INFO - Polling Oura for new data...
2026-05-11 04:38:53,504 - INFO - Ingested Oura readiness data for 2026-05-10
2026-05-11 04:38:53,504 - INFO - Polling Strava for new activities...
2026-05-11 04:38:53,544 - INFO - New data found: ['oura']
2026-05-11 07:34:32,299 - INFO - Welly daemon started (PID: 4371)
2026-05-11 07:34:32,309 - INFO - Welly Monitor starting - always-on pattern detection
2026-05-11 08:04:33,988 - INFO - Polling Strava for new activities...
2026-05-11 11:04:44,150 - INFO - Polling Oura for new data...
2026-05-11 11:04:47,202 - INFO - Polling Strava for new activities...
2026-05-11 14:04:57,430 - INFO - Polling Strava for new activities...
2026-05-11 17:05:07,744 - INFO - Polling Oura for new data...
2026-05-11 17:05:08,673 - INFO - Polling Strava for new activities...
2026-05-11 20:05:18,802 - INFO - Polling Strava for new activities...
2026-05-11 23:05:28,988 - INFO - Polling Oura for new data...
2026-05-11 23:05:29,890 - INFO - Polling Strava for new activities...
2026-05-12 02:05:39,989 - INFO - Polling Strava for new activities...
2026-05-12 05:05:50,139 - INFO - Polling Oura for new data...
2026-05-12 05:05:51,901 - INFO - Ingested Oura readiness data for 2026-05-11
2026-05-12 05:05:51,903 - INFO - Polling Strava for new activities...
2026-05-12 05:05:51,943 - INFO - New data found: ['oura']
2026-05-12 07:35:01,054 - INFO - Welly daemon started (PID: 4371)
2026-05-12 07:35:01,092 - INFO - Welly Monitor starting - always-on pattern detection
2026-05-12 08:35:04,624 - INFO - Polling Strava for new activities...
2026-05-12 11:35:15,269 - INFO - Polling Oura for new data...
2026-05-12 11:35:16,142 - INFO - Polling Strava for new activities...
2026-05-12 14:35:26,326 - INFO - Polling Strava for new activities...
2026-05-12 17:35:36,443 - INFO - Polling Oura for new data...
2026-05-12 17:35:37,486 - INFO - Polling Strava for new activities...
2026-05-12 20:35:48,157 - INFO - Polling Strava for new activities...
2026-05-12 23:35:58,264 - INFO - Polling Oura for new data...
2026-05-12 23:35:59,071 - INFO - Polling Strava for new activities...
2026-05-13 02:36:09,273 - INFO - Polling Strava for new activities...
2026-05-13 05:36:19,393 - INFO - Polling Oura for new data...
2026-05-13 05:36:21,514 - INFO - Ingested Oura readiness data for 2026-05-12
2026-05-13 05:36:21,515 - INFO - Polling Strava for new activities...
2026-05-13 05:36:21,553 - INFO - New data found: ['oura']
2026-05-13 07:34:19,787 - INFO - Welly daemon started (PID: 4371)
2026-05-13 07:34:19,798 - INFO - Welly Monitor starting - always-on pattern detection
2026-05-13 09:04:24,843 - INFO - Polling Strava for new activities...
2026-05-13 12:04:34,899 - INFO - Polling Oura for new data...
2026-05-13 12:04:35,756 - INFO - Polling Strava for new activities...
2026-05-13 15:04:46,267 - INFO - Polling Strava for new activities...
2026-05-13 18:04:56,611 - INFO - Polling Oura for new data...
2026-05-13 18:04:57,730 - INFO - Polling Strava for new activities...
2026-05-13 21:05:08,240 - INFO - Polling Strava for new activities...
2026-05-14 00:05:18,446 - INFO - Polling Oura for new data...
2026-05-14 00:05:34,358 - INFO - Ingested Oura readiness data for 2026-05-13
2026-05-14 00:05:34,358 - INFO - Polling Strava for new activities...
2026-05-14 00:05:34,407 - INFO - New data found: ['oura']
2026-05-14 03:05:44,590 - INFO - Polling Strava for new activities...
2026-05-14 06:05:54,769 - INFO - Polling Oura for new data...
2026-05-14 06:05:56,542 - INFO - Ingested Oura readiness data for 2026-05-13
2026-05-14 06:05:56,542 - INFO - Polling Strava for new activities...
2026-05-14 06:05:56,590 - INFO - New data found: ['oura']
2026-05-14 07:34:39,760 - INFO - Welly daemon started (PID: 4371)
2026-05-14 07:34:39,772 - INFO - Welly Monitor starting - always-on pattern detection
2026-05-14 09:34:46,519 - INFO - Polling Strava for new activities...
2026-05-14 12:34:56,696 - INFO - Polling Oura for new data...
2026-05-14 12:34:57,585 - INFO - Polling Strava for new activities...
2026-05-14 15:35:07,916 - INFO - Polling Strava for new activities...
2026-05-14 18:35:18,463 - INFO - Polling Oura for new data...
2026-05-14 18:35:25,649 - INFO - Polling Strava for new activities...
2026-05-14 21:35:36,355 - INFO - Polling Strava for new activities...
2026-05-15 00:35:46,640 - INFO - Polling Oura for new data...
2026-05-15 00:35:48,407 - INFO - Ingested Oura readiness data for 2026-05-14
2026-05-15 00:35:48,407 - INFO - Polling Strava for new activities...
2026-05-15 00:35:48,447 - INFO - New data found: ['oura']
2026-05-15 03:35:58,787 - INFO - Polling Strava for new activities...
2026-05-15 06:36:09,055 - INFO - Polling Oura for new data...
2026-05-15 06:36:09,960 - INFO - Polling Strava for new activities...
2026-05-15 07:34:53,405 - INFO - Welly daemon started (PID: 4371)
2026-05-15 07:34:53,426 - INFO - Welly Monitor starting - always-on pattern detection
2026-05-15 10:05:01,959 - INFO - Polling Strava for new activities...
2026-05-15 13:05:12,268 - INFO - Polling Oura for new data...
2026-05-15 13:05:13,222 - INFO - Polling Strava for new activities...
2026-05-15 16:05:23,499 - INFO - Polling Strava for new activities...
2026-05-15 19:05:33,861 - INFO - Polling Oura for new data...
2026-05-15 19:05:34,784 - INFO - Polling Strava for new activities...
2026-05-15 22:05:45,055 - INFO - Polling Strava for new activities...
2026-05-16 01:05:55,231 - INFO - Polling Oura for new data...
2026-05-16 01:05:56,996 - INFO - Ingested Oura readiness data for 2026-05-15
2026-05-16 01:05:56,996 - INFO - Polling Strava for new activities...
2026-05-16 01:05:57,063 - INFO - New data found: ['oura']
2026-05-16 04:06:07,230 - INFO - Polling Strava for new activities...
2026-05-16 07:06:17,476 - INFO - Polling Oura for new data...
2026-05-16 07:06:18,303 - INFO - Polling Strava for new activities...
2026-05-16 07:36:47,306 - INFO - Welly daemon started (PID: 4371)
2026-05-16 07:36:47,330 - INFO - Welly Monitor starting - always-on pattern detection
2026-05-16 10:06:55,658 - INFO - Polling Strava for new activities...
2026-05-16 13:07:05,663 - INFO - Polling Oura for new data...
2026-05-16 13:07:06,521 - INFO - Polling Strava for new activities...
2026-05-16 16:07:16,694 - INFO - Polling Strava for new activities...
2026-05-16 19:07:26,900 - INFO - Polling Oura for new data...
2026-05-16 19:07:33,055 - INFO - Polling Strava for new activities...
2026-05-16 22:07:43,213 - INFO - Polling Strava for new activities...
2026-05-17 01:07:53,392 - INFO - Polling Oura for new data...
2026-05-17 01:07:58,937 - INFO - Ingested Oura readiness data for 2026-05-16
2026-05-17 01:07:58,937 - INFO - Polling Strava for new activities...
2026-05-17 01:07:58,974 - INFO - New data found: ['oura']
2026-05-17 04:08:09,062 - INFO - Polling Strava for new activities...
2026-05-17 07:08:19,229 - INFO - Polling Oura for new data...
2026-05-17 07:08:20,271 - INFO - Polling Strava for new activities...
2026-05-17 07:34:41,904 - INFO - Welly daemon started (PID: 4397)
2026-05-17 07:34:41,921 - INFO - Welly Monitor starting - always-on pattern detection
2026-05-17 10:34:52,164 - INFO - Polling Strava for new activities...
2026-05-17 13:35:02,384 - INFO - Polling Oura for new data...
2026-05-17 13:35:03,429 - INFO - Polling Strava for new activities...
2026-05-17 16:35:13,694 - INFO - Polling Strava for new activities...
2026-05-17 19:35:23,999 - INFO - Polling Oura for new data...
2026-05-17 19:35:24,869 - INFO - Polling Strava for new activities...
2026-05-17 22:35:35,169 - INFO - Polling Strava for new activities...
2026-05-18 01:35:45,352 - INFO - Polling Oura for new data...
2026-05-18 01:35:47,493 - INFO - Ingested Oura readiness data for 2026-05-17
2026-05-18 01:35:47,493 - INFO - Polling Strava for new activities...
2026-05-18 01:35:47,538 - INFO - New data found: ['oura']
2026-05-18 04:35:58,004 - INFO - Polling Strava for new activities...
2026-05-18 07:34:35,415 - INFO - Welly daemon started (PID: 4397)
2026-05-18 07:34:35,424 - INFO - Welly Monitor starting - always-on pattern detection
2026-05-18 08:04:37,095 - INFO - Polling Oura for new data...
2026-05-18 08:04:37,934 - INFO - Polling Strava for new activities...
2026-05-18 11:04:48,073 - INFO - Polling Strava for new activities...
2026-05-18 14:04:58,364 - INFO - Polling Oura for new data...
2026-05-18 14:04:59,368 - INFO - Polling Strava for new activities...
2026-05-18 17:05:09,782 - INFO - Polling Strava for new activities...
2026-05-18 20:05:20,021 - INFO - Polling Oura for new data...
2026-05-18 20:05:20,976 - INFO - Polling Strava for new activities...
2026-05-18 23:05:31,190 - INFO - Polling Strava for new activities...
2026-05-19 02:05:41,350 - INFO - Polling Oura for new data...
2026-05-19 02:05:43,132 - INFO - Ingested Oura readiness data for 2026-05-18
2026-05-19 02:05:43,132 - INFO - Polling Strava for new activities...
2026-05-19 02:05:43,181 - INFO - New data found: ['oura']
2026-05-19 05:05:53,273 - INFO - Polling Strava for new activities...
2026-05-19 07:33:24,372 - INFO - Welly daemon started (PID: 4397)
2026-05-19 07:33:24,382 - INFO - Welly Monitor starting - always-on pattern detection
2026-05-19 08:33:27,729 - INFO - Polling Oura for new data...
2026-05-19 08:33:28,534 - INFO - Polling Strava for new activities...
2026-05-19 11:33:38,733 - INFO - Polling Strava for new activities...
2026-05-19 14:33:48,918 - INFO - Polling Oura for new data...
2026-05-19 14:33:49,918 - INFO - Polling Strava for new activities...
2026-05-19 17:34:00,054 - INFO - Polling Strava for new activities...
2026-05-19 20:34:10,360 - INFO - Polling Oura for new data...
2026-05-19 20:34:11,439 - INFO - Polling Strava for new activities...
2026-05-19 23:34:21,439 - INFO - Polling Strava for new activities...
2026-05-20 02:34:31,421 - INFO - Polling Oura for new data...
2026-05-20 02:34:33,353 - INFO - Ingested Oura readiness data for 2026-05-19
2026-05-20 02:34:33,353 - INFO - Polling Strava for new activities...
2026-05-20 02:34:33,398 - INFO - New data found: ['oura']
2026-05-20 05:34:43,550 - INFO - Polling Strava for new activities...
2026-05-20 07:38:22,768 - INFO - Welly daemon started (PID: 4397)
2026-05-20 07:38:22,787 - INFO - Welly Monitor starting - always-on pattern detection
2026-05-20 08:38:26,119 - INFO - Polling Oura for new data...
2026-05-20 08:38:26,918 - INFO - Polling Strava for new activities...
2026-05-20 11:38:36,970 - INFO - Polling Strava for new activities...
2026-05-20 14:38:47,069 - INFO - Polling Oura for new data...
2026-05-20 14:38:48,013 - INFO - Polling Strava for new activities...
2026-05-20 17:38:58,112 - INFO - Polling Strava for new activities...
2026-05-20 20:39:08,204 - INFO - Polling Oura for new data...
2026-05-20 20:39:09,215 - INFO - Polling Strava for new activities...
2026-05-20 23:39:19,300 - INFO - Polling Strava for new activities...
2026-05-21 02:39:29,364 - INFO - Polling Oura for new data...
2026-05-21 02:39:31,296 - INFO - Ingested Oura readiness data for 2026-05-20
2026-05-21 02:39:31,296 - INFO - Polling Strava for new activities...
2026-05-21 02:39:31,344 - INFO - New data found: ['oura']
2026-05-21 05:39:41,424 - INFO - Polling Strava for new activities...
2026-05-21 07:34:24,801 - INFO - Welly daemon started (PID: 4372)
2026-05-21 07:34:24,815 - INFO - Welly Monitor starting - always-on pattern detection
2026-05-21 09:04:29,877 - INFO - Polling Oura for new data...
2026-05-21 09:04:30,953 - INFO - Polling Strava for new activities...
2026-05-21 12:04:41,081 - INFO - Polling Strava for new activities...
2026-05-21 15:04:51,227 - INFO - Polling Oura for new data...
2026-05-21 15:04:52,013 - INFO - Polling Strava for new activities...
2026-05-21 18:05:02,079 - INFO - Polling Strava for new activities...
2026-05-21 21:05:12,337 - INFO - Polling Oura for new data...
2026-05-21 21:05:14,136 - INFO - Polling Strava for new activities...
2026-05-22 00:05:24,271 - INFO - Polling Strava for new activities...
2026-05-22 03:05:34,444 - INFO - Polling Oura for new data...
2026-05-22 03:05:36,577 - INFO - Ingested Oura readiness data for 2026-05-21
2026-05-22 03:05:36,577 - INFO - Polling Strava for new activities...
2026-05-22 03:05:36,624 - INFO - New data found: ['oura']
2026-05-22 06:05:46,875 - INFO - Polling Strava for new activities...
2026-05-22 07:34:37,206 - INFO - Welly daemon started (PID: 4371)
2026-05-22 07:34:37,227 - INFO - Welly Monitor starting - always-on pattern detection
2026-05-22 09:34:43,985 - INFO - Polling Oura for new data...
2026-05-22 09:34:44,799 - INFO - Polling Strava for new activities...
2026-05-22 12:34:54,947 - INFO - Polling Strava for new activities...
2026-05-22 15:35:05,163 - INFO - Polling Oura for new data...
2026-05-22 15:35:06,119 - INFO - Polling Strava for new activities...
2026-05-22 18:35:16,271 - INFO - Polling Strava for new activities...
2026-05-22 21:35:26,259 - INFO - Polling Oura for new data...
2026-05-22 21:35:27,135 - INFO - Polling Strava for new activities...
2026-05-23 00:35:37,307 - INFO - Polling Strava for new activities...
2026-05-23 03:35:47,428 - INFO - Polling Oura for new data...
2026-05-23 03:35:49,188 - INFO - Ingested Oura readiness data for 2026-05-22
2026-05-23 03:35:49,188 - INFO - Polling Strava for new activities...
2026-05-23 03:35:49,242 - INFO - New data found: ['oura']
2026-05-23 06:35:59,275 - INFO - Polling Strava for new activities...
2026-05-23 07:34:18,303 - INFO - Welly daemon started (PID: 4371)
2026-05-23 07:34:18,313 - INFO - Welly Monitor starting - always-on pattern detection
2026-05-23 10:04:26,818 - INFO - Polling Oura for new data...
2026-05-23 10:04:27,581 - INFO - Polling Strava for new activities...
2026-05-23 13:04:37,759 - INFO - Polling Strava for new activities...
2026-05-23 16:04:47,901 - INFO - Polling Oura for new data...
2026-05-23 16:04:48,770 - INFO - Polling Strava for new activities...
2026-05-23 19:04:58,991 - INFO - Polling Strava for new activities...
2026-05-23 22:05:09,123 - INFO - Polling Oura for new data...
2026-05-23 22:05:10,191 - INFO - Polling Strava for new activities...
2026-05-24 01:05:20,262 - INFO - Polling Strava for new activities...
2026-05-24 04:05:30,275 - INFO - Polling Oura for new data...
2026-05-24 04:05:32,166 - INFO - Ingested Oura readiness data for 2026-05-23
2026-05-24 04:05:32,166 - INFO - Polling Strava for new activities...
2026-05-24 04:05:32,211 - INFO - New data found: ['oura']
2026-05-24 07:05:42,316 - INFO - Polling Strava for new activities...
2026-05-24 07:31:16,201 - INFO - Welly daemon started (PID: 4371)
2026-05-24 07:31:16,211 - INFO - Welly Monitor starting - always-on pattern detection
2026-05-24 10:31:26,144 - INFO - Polling Oura for new data...
2026-05-24 10:31:26,976 - INFO - Polling Strava for new activities...
2026-05-24 13:31:36,915 - INFO - Polling Strava for new activities...
2026-05-24 16:31:46,880 - INFO - Polling Oura for new data...
2026-05-24 16:31:47,664 - INFO - Polling Strava for new activities...
2026-05-24 19:31:57,806 - INFO - Polling Strava for new activities...
2026-05-24 22:32:07,858 - INFO - Polling Oura for new data...
2026-05-24 22:32:08,631 - INFO - Polling Strava for new activities...
2026-05-25 01:32:18,742 - INFO - Polling Strava for new activities...
2026-05-25 04:32:28,879 - INFO - Polling Oura for new data...
2026-05-25 04:32:30,868 - INFO - Ingested Oura readiness data for 2026-05-24
2026-05-25 04:32:30,869 - INFO - Polling Strava for new activities...
2026-05-25 04:32:30,906 - INFO - New data found: ['oura']
2026-05-25 07:31:52,006 - INFO - Welly daemon started (PID: 4371)
2026-05-25 07:31:52,018 - INFO - Welly Monitor starting - always-on pattern detection
2026-05-25 08:01:53,724 - INFO - Polling Strava for new activities...
2026-05-25 11:02:03,855 - INFO - Polling Oura for new data...
2026-05-25 11:02:04,677 - INFO - Polling Strava for new activities...
2026-05-25 14:02:15,020 - INFO - Polling Strava for new activities...
2026-05-25 17:02:25,229 - INFO - Polling Oura for new data...
2026-05-25 17:02:26,061 - INFO - Polling Strava for new activities...
2026-05-25 20:02:36,326 - INFO - Polling Strava for new activities...
2026-05-25 23:02:46,529 - INFO - Polling Oura for new data...
2026-05-25 23:02:47,369 - INFO - Polling Strava for new activities...
2026-05-26 02:02:57,477 - INFO - Polling Strava for new activities...
2026-05-26 05:03:07,487 - INFO - Polling Oura for new data...
2026-05-26 05:03:09,286 - INFO - Ingested Oura readiness data for 2026-05-25
2026-05-26 05:03:09,286 - INFO - Polling Strava for new activities...
2026-05-26 05:03:09,319 - INFO - New data found: ['oura']
2026-05-26 07:35:06,133 - INFO - Welly daemon started (PID: 4371)
2026-05-26 07:35:06,151 - INFO - Welly Monitor starting - always-on pattern detection
2026-05-26 08:05:07,805 - INFO - Polling Strava for new activities...
2026-05-26 11:05:17,992 - INFO - Polling Oura for new data...
2026-05-26 11:05:18,854 - INFO - Polling Strava for new activities...
2026-05-26 14:05:28,977 - INFO - Polling Strava for new activities...
2026-05-26 17:05:39,945 - INFO - Polling Oura for new data...
2026-05-26 17:05:40,840 - INFO - Polling Strava for new activities...
2026-05-26 20:05:51,368 - INFO - Polling Strava for new activities...
2026-05-26 23:06:01,524 - INFO - Polling Oura for new data...
2026-05-26 23:06:04,196 - INFO - Ingested Oura readiness data for 2026-05-25
2026-05-26 23:06:04,196 - INFO - Polling Strava for new activities...
2026-05-26 23:06:04,238 - INFO - New data found: ['oura']
2026-05-27 02:06:14,304 - INFO - Polling Strava for new activities...
2026-05-27 05:06:24,439 - INFO - Polling Oura for new data...
2026-05-27 05:06:25,714 - INFO - Polling Strava for new activities...
2026-05-27 07:34:14,367 - INFO - Welly daemon started (PID: 4371)
2026-05-27 07:34:14,382 - INFO - Welly Monitor starting - always-on pattern detection
2026-05-27 08:34:17,734 - INFO - Polling Strava for new activities...
2026-05-27 11:34:27,827 - INFO - Polling Oura for new data...
2026-05-27 11:34:29,864 - INFO - Ingested Oura readiness data for 2026-05-26
2026-05-27 11:34:29,864 - INFO - Polling Strava for new activities...
2026-05-27 11:34:29,906 - INFO - New data found: ['oura']
2026-05-27 14:34:40,021 - INFO - Polling Strava for new activities...
2026-05-27 17:34:50,194 - INFO - Polling Oura for new data...
2026-05-27 17:34:51,024 - INFO - Polling Strava for new activities...
2026-05-27 20:35:01,270 - INFO - Polling Strava for new activities...
2026-05-27 23:35:11,408 - INFO - Polling Oura for new data...
2026-05-27 23:35:12,219 - INFO - Polling Strava for new activities...
2026-05-28 02:35:22,412 - INFO - Polling Strava for new activities...
2026-05-28 05:35:32,627 - INFO - Polling Oura for new data...
2026-05-28 05:35:33,452 - INFO - Polling Strava for new activities...
2026-05-28 07:34:41,388 - INFO - Welly daemon started (PID: 4371)
2026-05-28 07:34:41,399 - INFO - Welly Monitor starting - always-on pattern detection
2026-05-28 09:04:46,316 - INFO - Polling Strava for new activities...
2026-05-28 12:04:56,439 - INFO - Polling Oura for new data...
2026-05-28 12:04:57,323 - INFO - Polling Strava for new activities...
2026-05-28 15:05:07,571 - INFO - Polling Strava for new activities...
2026-05-28 18:05:17,776 - INFO - Polling Oura for new data...
2026-05-28 18:05:18,563 - INFO - Polling Strava for new activities...
2026-05-28 18:52:38,566 - INFO - Welly daemon started (PID: 4371)
2026-05-28 18:52:38,588 - INFO - Welly Monitor starting - always-on pattern detection
2026-05-28 21:22:47,077 - INFO - Polling Strava for new activities...
2026-05-29 00:22:57,176 - INFO - Polling Oura for new data...
2026-05-29 00:22:59,158 - INFO - Ingested Oura readiness data for 2026-05-28
2026-05-29 00:22:59,158 - INFO - Polling Strava for new activities...
2026-05-29 00:22:59,203 - INFO - New data found: ['oura']
2026-05-29 03:23:09,255 - INFO - Polling Strava for new activities...
2026-05-29 06:23:19,262 - INFO - Polling Oura for new data...
2026-05-29 06:23:20,017 - INFO - Polling Strava for new activities...
2026-05-29 07:31:35,635 - INFO - Welly daemon started (PID: 4371)
2026-05-29 07:31:35,645 - INFO - Welly Monitor starting - always-on pattern detection
2026-05-29 09:31:42,367 - INFO - Polling Strava for new activities...
2026-05-29 12:31:52,502 - INFO - Polling Oura for new data...
2026-05-29 12:31:53,358 - INFO - Polling Strava for new activities...
2026-05-29 15:32:03,585 - INFO - Polling Strava for new activities...
2026-05-29 18:32:13,711 - INFO - Polling Oura for new data...
2026-05-29 18:32:14,646 - INFO - Polling Strava for new activities...
2026-05-29 21:32:24,748 - INFO - Polling Strava for new activities...
2026-05-30 00:32:34,889 - INFO - Polling Oura for new data...
2026-05-30 00:32:36,736 - INFO - Ingested Oura readiness data for 2026-05-29
2026-05-30 00:32:36,736 - INFO - Polling Strava for new activities...
2026-05-30 00:32:36,790 - INFO - New data found: ['oura']
2026-05-30 03:32:46,874 - INFO - Polling Strava for new activities...
2026-05-30 06:32:57,009 - INFO - Polling Oura for new data...
2026-05-30 06:32:57,805 - INFO - Polling Strava for new activities...
2026-05-30 07:34:01,814 - INFO - Welly daemon started (PID: 4371)
2026-05-30 07:34:01,823 - INFO - Welly Monitor starting - always-on pattern detection
2026-05-30 09:34:08,496 - INFO - Polling Strava for new activities...
2026-05-30 12:34:18,551 - INFO - Polling Oura for new data...
2026-05-30 12:34:19,358 - INFO - Polling Strava for new activities...
2026-05-30 15:34:29,545 - INFO - Polling Strava for new activities...
2026-05-30 18:34:39,666 - INFO - Polling Oura for new data...
2026-05-30 18:34:40,626 - INFO - Polling Strava for new activities...
2026-05-30 21:34:50,747 - INFO - Polling Strava for new activities...
2026-05-31 00:35:00,773 - INFO - Polling Oura for new data...
2026-05-31 00:35:02,792 - INFO - Ingested Oura readiness data for 2026-05-30
2026-05-31 00:35:02,792 - INFO - Polling Strava for new activities...
2026-05-31 00:35:02,834 - INFO - New data found: ['oura']
2026-05-31 03:35:12,930 - INFO - Polling Strava for new activities...
2026-05-31 06:35:23,038 - INFO - Polling Oura for new data...
2026-05-31 06:35:24,153 - INFO - Polling Strava for new activities...
2026-05-31 07:31:22,972 - INFO - Welly daemon started (PID: 4371)
2026-05-31 07:31:22,981 - INFO - Welly Monitor starting - always-on pattern detection
2026-05-31 10:01:31,354 - INFO - Polling Strava for new activities...
2026-05-31 13:01:41,455 - INFO - Polling Oura for new data...
2026-05-31 13:01:42,325 - INFO - Polling Strava for new activities...
2026-05-31 16:01:52,412 - INFO - Polling Strava for new activities...
2026-05-31 19:02:02,594 - INFO - Polling Oura for new data...
2026-05-31 19:02:03,822 - INFO - Polling Strava for new activities...
2026-05-31 22:02:13,958 - INFO - Polling Strava for new activities...
2026-06-01 01:02:24,160 - INFO - Polling Oura for new data...
2026-06-01 01:02:25,884 - INFO - Ingested Oura readiness data for 2026-05-31
2026-06-01 01:02:25,884 - INFO - Polling Strava for new activities...
2026-06-01 01:02:25,929 - INFO - New data found: ['oura']
2026-06-01 04:02:36,064 - INFO - Polling Strava for new activities...
2026-06-01 07:02:46,234 - INFO - Polling Oura for new data...
2026-06-01 07:02:47,016 - INFO - Polling Strava for new activities...
2026-06-01 07:31:14,077 - INFO - Welly daemon started (PID: 4371)
2026-06-01 07:31:14,086 - INFO - Welly Monitor starting - always-on pattern detection
2026-06-01 10:31:24,230 - INFO - Polling Strava for new activities...
2026-06-01 13:31:34,481 - INFO - Polling Oura for new data...
2026-06-01 13:31:35,462 - INFO - Polling Strava for new activities...
2026-06-01 16:31:45,864 - INFO - Polling Strava for new activities...
2026-06-01 19:31:56,164 - INFO - Polling Oura for new data...
2026-06-01 19:31:56,995 - INFO - Polling Strava for new activities...
2026-06-01 22:32:07,328 - INFO - Polling Strava for new activities...
2026-06-02 01:32:17,545 - INFO - Polling Oura for new data...
2026-06-02 01:32:19,341 - INFO - Ingested Oura readiness data for 2026-06-01
2026-06-02 01:32:19,342 - INFO - Polling Strava for new activities...
2026-06-02 01:32:19,381 - INFO - New data found: ['oura']
2026-06-02 04:32:29,604 - INFO - Polling Strava for new activities...
2026-06-02 07:32:39,754 - INFO - Polling Oura for new data...
2026-06-02 07:32:40,714 - INFO - Polling Strava for new activities...
2026-06-02 07:34:28,212 - INFO - Welly daemon started (PID: 4371)
2026-06-02 07:34:28,225 - INFO - Welly Monitor starting - always-on pattern detection
2026-06-02 10:34:38,378 - INFO - Polling Strava for new activities...
2026-06-02 13:34:48,552 - INFO - Polling Oura for new data...
2026-06-02 13:34:49,436 - INFO - Polling Strava for new activities...
2026-06-02 16:34:59,758 - INFO - Polling Strava for new activities...
2026-06-02 19:35:09,936 - INFO - Polling Oura for new data...
2026-06-02 19:35:10,837 - INFO - Polling Strava for new activities...
2026-06-02 22:35:21,033 - INFO - Polling Strava for new activities...
2026-06-03 01:35:31,126 - INFO - Polling Oura for new data...
2026-06-03 01:35:34,146 - INFO - Ingested Oura readiness data for 2026-06-02
2026-06-03 01:35:34,146 - INFO - Polling Strava for new activities...
2026-06-03 01:35:34,183 - INFO - New data found: ['oura']
2026-06-03 04:35:44,175 - INFO - Polling Strava for new activities...
2026-06-03 07:34:40,895 - INFO - Welly daemon started (PID: 4371)
2026-06-03 07:34:40,906 - INFO - Welly Monitor starting - always-on pattern detection
2026-06-03 08:04:42,576 - INFO - Polling Oura for new data...
2026-06-03 08:04:43,493 - INFO - Polling Strava for new activities...
2026-06-03 11:04:53,702 - INFO - Polling Strava for new activities...
2026-06-03 14:05:03,888 - INFO - Polling Oura for new data...
2026-06-03 14:05:04,948 - INFO - Polling Strava for new activities...
2026-06-03 17:05:15,296 - INFO - Polling Strava for new activities...
2026-06-03 20:05:25,541 - INFO - Polling Oura for new data...
2026-06-03 20:05:26,542 - INFO - Polling Strava for new activities...
2026-06-03 23:05:37,085 - INFO - Polling Strava for new activities...
2026-06-04 02:05:47,355 - INFO - Polling Oura for new data...
2026-06-04 02:05:49,031 - INFO - Ingested Oura readiness data for 2026-06-03
2026-06-04 02:05:49,031 - INFO - Polling Strava for new activities...
2026-06-04 02:05:49,070 - INFO - New data found: ['oura']
2026-06-04 05:05:59,073 - INFO - Polling Strava for new activities...
2026-06-04 07:34:34,513 - INFO - Welly daemon started (PID: 4371)
2026-06-04 07:34:34,524 - INFO - Welly Monitor starting - always-on pattern detection
2026-06-04 08:34:37,840 - INFO - Polling Oura for new data...
2026-06-04 08:34:38,658 - INFO - Polling Strava for new activities...
2026-06-04 11:34:48,778 - INFO - Polling Strava for new activities...
2026-06-04 14:34:58,883 - INFO - Polling Oura for new data...
2026-06-04 14:34:59,753 - INFO - Polling Strava for new activities...
2026-06-04 17:35:09,875 - INFO - Polling Strava for new activities...
2026-06-04 20:35:19,964 - INFO - Polling Oura for new data...
2026-06-04 20:35:20,737 - INFO - Polling Strava for new activities...
2026-06-04 23:35:30,781 - INFO - Polling Strava for new activities...
2026-06-05 02:35:40,645 - INFO - Polling Oura for new data...
2026-06-05 02:35:42,838 - INFO - Ingested Oura readiness data for 2026-06-04
2026-06-05 02:35:42,838 - INFO - Polling Strava for new activities...
2026-06-05 02:35:42,882 - INFO - New data found: ['oura']
2026-06-05 05:35:52,770 - INFO - Polling Strava for new activities...
2026-06-05 07:34:13,755 - INFO - Welly daemon started (PID: 4371)
2026-06-05 07:34:13,766 - INFO - Welly Monitor starting - always-on pattern detection
2026-06-05 09:04:18,769 - INFO - Polling Oura for new data...
2026-06-05 09:04:19,906 - INFO - Polling Strava for new activities...
2026-06-05 12:04:30,054 - INFO - Polling Strava for new activities...
2026-06-05 15:04:40,128 - INFO - Polling Oura for new data...
2026-06-05 15:04:40,998 - INFO - Polling Strava for new activities...
2026-06-05 18:04:51,138 - INFO - Polling Strava for new activities...
2026-06-05 21:05:01,224 - INFO - Polling Oura for new data...
2026-06-05 21:05:02,409 - INFO - Polling Strava for new activities...
2026-06-06 00:05:12,418 - INFO - Polling Strava for new activities...
2026-06-06 03:05:22,469 - INFO - Polling Oura for new data...
2026-06-06 03:05:25,062 - INFO - Ingested Oura readiness data for 2026-06-05
2026-06-06 03:05:25,062 - INFO - Polling Strava for new activities...
2026-06-06 03:05:25,102 - INFO - New data found: ['oura']
2026-06-06 06:05:35,137 - INFO - Polling Strava for new activities...
2026-06-06 07:34:17,960 - INFO - Welly daemon started (PID: 4372)
2026-06-06 07:34:17,984 - INFO - Welly Monitor starting - always-on pattern detection
2026-06-06 09:34:24,901 - INFO - Polling Oura for new data...
2026-06-06 09:34:25,891 - INFO - Polling Strava for new activities...
2026-06-06 12:34:36,123 - INFO - Polling Strava for new activities...
2026-06-06 15:34:46,216 - INFO - Polling Oura for new data...
2026-06-06 15:34:47,004 - INFO - Polling Strava for new activities...
2026-06-06 18:34:57,082 - INFO - Polling Strava for new activities...
2026-06-06 21:35:07,067 - INFO - Polling Oura for new data...
2026-06-06 21:35:08,160 - INFO - Polling Strava for new activities...
2026-06-07 00:35:18,170 - INFO - Polling Strava for new activities...
2026-06-07 03:35:28,114 - INFO - Polling Oura for new data...
2026-06-07 03:35:29,885 - INFO - Ingested Oura readiness data for 2026-06-06
2026-06-07 03:35:29,885 - INFO - Polling Strava for new activities...
2026-06-07 03:35:29,922 - INFO - New data found: ['oura']
2026-06-07 06:35:39,905 - INFO - Polling Strava for new activities...
2026-06-07 07:31:15,038 - INFO - Welly daemon started (PID: 4371)
2026-06-07 07:31:15,048 - INFO - Welly Monitor starting - always-on pattern detection
2026-06-07 10:01:23,393 - INFO - Polling Oura for new data...
2026-06-07 10:01:24,330 - INFO - Polling Strava for new activities...
2026-06-07 13:01:34,449 - INFO - Polling Strava for new activities...
2026-06-07 16:01:44,528 - INFO - Polling Oura for new data...
2026-06-07 16:01:45,387 - INFO - Polling Strava for new activities...
2026-06-07 19:01:55,408 - INFO - Polling Strava for new activities...
2026-06-07 22:02:05,499 - INFO - Polling Oura for new data...
2026-06-07 22:02:06,254 - INFO - Polling Strava for new activities...
2026-06-08 01:02:16,227 - INFO - Polling Strava for new activities...
2026-06-08 04:02:26,281 - INFO - Polling Oura for new data...
2026-06-08 04:02:28,116 - INFO - Ingested Oura readiness data for 2026-06-07
2026-06-08 04:02:28,116 - INFO - Polling Strava for new activities...
2026-06-08 04:02:28,157 - INFO - New data found: ['oura']
2026-06-08 07:02:38,151 - INFO - Polling Strava for new activities...
2026-06-08 10:02:48,401 - INFO - Polling Oura for new data...
2026-06-08 10:02:49,183 - INFO - Polling Strava for new activities...
2026-06-08 13:02:59,347 - INFO - Polling Strava for new activities...
2026-06-08 16:03:09,596 - INFO - Polling Oura for new data...
2026-06-08 16:03:10,417 - INFO - Polling Strava for new activities...
2026-06-08 19:03:20,612 - INFO - Polling Strava for new activities...
2026-06-08 22:03:30,807 - INFO - Polling Oura for new data...
2026-06-08 22:03:31,584 - INFO - Polling Strava for new activities...
2026-06-09 01:03:41,672 - INFO - Polling Strava for new activities...
2026-06-09 04:03:51,594 - INFO - Polling Oura for new data...
2026-06-09 04:03:53,279 - INFO - Ingested Oura readiness data for 2026-06-08
2026-06-09 04:03:53,279 - INFO - Polling Strava for new activities...
2026-06-09 04:03:53,313 - INFO - New data found: ['oura']
2026-06-09 07:04:03,414 - INFO - Polling Strava for new activities...
2026-06-09 07:34:48,903 - INFO - Welly daemon started (PID: 4371)
2026-06-09 07:34:48,918 - INFO - Welly Monitor starting - always-on pattern detection
2026-06-09 10:04:57,567 - INFO - Polling Oura for new data...
2026-06-09 10:04:58,395 - INFO - Polling Strava for new activities...
2026-06-09 13:05:08,615 - INFO - Polling Strava for new activities...
2026-06-09 16:05:18,878 - INFO - Polling Oura for new data...
2026-06-09 16:05:20,133 - INFO - Polling Strava for new activities...
2026-06-09 19:05:30,303 - INFO - Polling Strava for new activities...
2026-06-09 22:05:40,456 - INFO - Polling Oura for new data...
2026-06-09 22:05:41,240 - INFO - Polling Strava for new activities...
2026-06-10 01:05:51,285 - INFO - Polling Strava for new activities...
2026-06-10 04:06:01,292 - INFO - Polling Oura for new data...
2026-06-10 04:06:05,300 - INFO - Ingested Oura readiness data for 2026-06-09
2026-06-10 04:06:05,300 - INFO - Polling Strava for new activities...
2026-06-10 04:06:05,339 - INFO - New data found: ['oura']
2026-06-10 07:06:15,426 - INFO - Polling Strava for new activities...
2026-06-10 07:34:17,973 - INFO - Welly daemon started (PID: 4371)
2026-06-10 07:34:17,997 - INFO - Welly Monitor starting - always-on pattern detection
2026-06-10 10:34:28,138 - INFO - Polling Oura for new data...
2026-06-10 10:34:28,919 - INFO - Polling Strava for new activities...
2026-06-10 13:34:39,138 - INFO - Polling Strava for new activities...
2026-06-10 16:34:49,275 - INFO - Polling Oura for new data...
2026-06-10 16:34:50,060 - INFO - Polling Strava for new activities...
2026-06-10 19:35:00,087 - INFO - Polling Strava for new activities...
2026-06-10 22:35:10,004 - INFO - Polling Oura for new data...
2026-06-10 22:35:10,829 - INFO - Polling Strava for new activities...
2026-06-11 01:35:20,797 - INFO - Polling Strava for new activities...
2026-06-11 04:35:30,706 - INFO - Polling Oura for new data...
2026-06-11 04:35:32,643 - INFO - Ingested Oura readiness data for 2026-06-10
2026-06-11 04:35:32,643 - INFO - Polling Strava for new activities...
2026-06-11 04:35:32,681 - INFO - New data found: ['oura']
2026-06-11 07:34:26,194 - INFO - Welly daemon started (PID: 4371)
2026-06-11 07:34:26,205 - INFO - Welly Monitor starting - always-on pattern detection
2026-06-11 08:04:27,894 - INFO - Polling Strava for new activities...
2026-06-11 11:04:38,015 - INFO - Polling Oura for new data...
2026-06-11 11:04:38,785 - INFO - Polling Strava for new activities...
2026-06-11 14:04:48,810 - INFO - Polling Strava for new activities...
2026-06-11 17:04:58,964 - INFO - Polling Oura for new data...
2026-06-11 17:04:59,820 - INFO - Polling Strava for new activities...
2026-06-11 20:05:09,952 - INFO - Polling Strava for new activities...
2026-06-11 23:05:20,013 - INFO - Polling Oura for new data...
2026-06-11 23:05:21,343 - INFO - Polling Strava for new activities...
2026-06-12 02:05:31,350 - INFO - Polling Strava for new activities...
2026-06-12 05:05:41,373 - INFO - Polling Oura for new data...
2026-06-12 05:05:43,216 - INFO - Ingested Oura readiness data for 2026-06-11
2026-06-12 05:05:43,217 - INFO - Polling Strava for new activities...
2026-06-12 05:05:43,260 - INFO - New data found: ['oura']
2026-06-12 07:34:28,416 - INFO - Welly daemon started (PID: 4371)
2026-06-12 07:34:28,452 - INFO - Welly Monitor starting - always-on pattern detection
2026-06-12 08:34:31,841 - INFO - Polling Strava for new activities...
2026-06-12 11:34:42,042 - INFO - Polling Oura for new data...
2026-06-12 11:34:42,976 - INFO - Polling Strava for new activities...
2026-06-12 14:34:53,260 - INFO - Polling Strava for new activities...
2026-06-12 17:35:03,549 - INFO - Polling Oura for new data...
2026-06-12 17:35:04,655 - INFO - Polling Strava for new activities...
2026-06-12 20:35:14,866 - INFO - Polling Strava for new activities...
2026-06-12 23:35:24,919 - INFO - Polling Oura for new data...
2026-06-12 23:35:25,785 - INFO - Polling Strava for new activities...
2026-06-13 02:35:35,739 - INFO - Polling Strava for new activities...
2026-06-13 05:35:45,795 - INFO - Polling Oura for new data...
2026-06-13 05:35:46,586 - INFO - Polling Strava for new activities...
2026-06-13 07:34:40,240 - INFO - Welly daemon started (PID: 4371)
2026-06-13 07:34:40,267 - INFO - Welly Monitor starting - always-on pattern detection
2026-06-13 09:04:45,218 - INFO - Polling Strava for new activities...
2026-06-13 12:04:55,205 - INFO - Polling Oura for new data...
2026-06-13 12:04:56,062 - INFO - Polling Strava for new activities...
2026-06-13 15:05:06,002 - INFO - Polling Strava for new activities...
2026-06-13 18:05:16,065 - INFO - Polling Oura for new data...
2026-06-13 18:05:17,020 - INFO - Polling Strava for new activities...
2026-06-13 21:05:27,026 - INFO - Polling Strava for new activities...
2026-06-14 00:05:36,932 - INFO - Polling Oura for new data...
2026-06-14 00:05:52,787 - INFO - Polling Strava for new activities...
2026-06-14 03:06:02,743 - INFO - Polling Strava for new activities...
2026-06-14 06:06:12,668 - INFO - Polling Oura for new data...
2026-06-14 06:06:13,495 - INFO - Polling Strava for new activities...
2026-06-14 07:34:22,875 - INFO - Welly daemon started (PID: 4371)
2026-06-14 07:34:22,885 - INFO - Welly Monitor starting - always-on pattern detection
2026-06-14 09:34:29,558 - INFO - Polling Strava for new activities...
2026-06-14 12:34:39,590 - INFO - Polling Oura for new data...
2026-06-14 12:34:40,528 - INFO - Polling Strava for new activities...
2026-06-14 15:34:50,523 - INFO - Polling Strava for new activities...
2026-06-14 18:35:00,500 - INFO - Polling Oura for new data...
2026-06-14 18:35:01,395 - INFO - Polling Strava for new activities...
2026-06-14 21:35:11,480 - INFO - Polling Strava for new activities...
2026-06-15 00:35:21,464 - INFO - Polling Oura for new data...
2026-06-15 00:35:23,207 - INFO - Ingested Oura readiness data for 2026-06-14
2026-06-15 00:35:23,207 - INFO - Polling Strava for new activities...
2026-06-15 00:35:23,249 - INFO - New data found: ['oura']
2026-06-15 03:35:33,196 - INFO - Polling Strava for new activities...
2026-06-15 06:35:43,193 - INFO - Polling Oura for new data...
2026-06-15 06:35:44,009 - INFO - Polling Strava for new activities...
2026-06-15 07:31:38,160 - INFO - Welly daemon started (PID: 4371)
2026-06-15 07:31:38,171 - INFO - Welly Monitor starting - always-on pattern detection
2026-06-15 10:01:46,501 - INFO - Polling Strava for new activities...
2026-06-15 13:01:56,520 - INFO - Polling Oura for new data...
2026-06-15 13:01:57,348 - INFO - Polling Strava for new activities...
2026-06-15 16:02:07,364 - INFO - Polling Strava for new activities...
2026-06-15 19:02:17,430 - INFO - Polling Oura for new data...
2026-06-15 19:02:18,239 - INFO - Polling Strava for new activities...
2026-06-15 22:02:28,318 - INFO - Polling Strava for new activities...
2026-06-16 01:02:38,425 - INFO - Polling Oura for new data...
2026-06-16 01:02:40,221 - INFO - Ingested Oura readiness data for 2026-06-15
2026-06-16 01:02:40,221 - INFO - Polling Strava for new activities...
2026-06-16 01:02:40,269 - INFO - New data found: ['oura']
2026-06-16 04:02:50,225 - INFO - Polling Strava for new activities...
2026-06-16 07:03:00,247 - INFO - Polling Oura for new data...
2026-06-16 07:03:01,029 - INFO - Polling Strava for new activities...
2026-06-16 07:34:03,353 - INFO - Welly daemon started (PID: 4371)
2026-06-16 07:34:03,363 - INFO - Welly Monitor starting - always-on pattern detection
2026-06-16 10:04:11,700 - INFO - Polling Strava for new activities...
2026-06-16 13:04:21,679 - INFO - Polling Oura for new data...
2026-06-16 13:04:22,851 - INFO - Polling Strava for new activities...
2026-06-16 16:04:32,891 - INFO - Polling Strava for new activities...
2026-06-16 19:04:42,911 - INFO - Polling Oura for new data...
2026-06-16 19:04:43,735 - INFO - Polling Strava for new activities...
2026-06-16 22:04:53,708 - INFO - Polling Strava for new activities...
2026-06-17 01:05:03,776 - INFO - Polling Oura for new data...
2026-06-17 01:05:05,604 - INFO - Ingested Oura readiness data for 2026-06-16
2026-06-17 01:05:05,604 - INFO - Polling Strava for new activities...
2026-06-17 01:05:05,646 - INFO - New data found: ['oura']
2026-06-17 04:05:15,537 - INFO - Polling Strava for new activities...
2026-06-17 07:05:25,448 - INFO - Polling Oura for new data...
2026-06-17 07:05:27,054 - INFO - Polling Strava for new activities...
2026-06-17 07:34:20,836 - INFO - Welly daemon started (PID: 4371)
2026-06-17 07:34:20,847 - INFO - Welly Monitor starting - always-on pattern detection
2026-06-17 10:34:30,736 - INFO - Polling Strava for new activities...
2026-06-17 13:34:40,705 - INFO - Polling Oura for new data...
2026-06-17 13:34:41,546 - INFO - Polling Strava for new activities...
2026-06-17 16:34:51,657 - INFO - Polling Strava for new activities...
2026-06-17 19:35:01,644 - INFO - Polling Oura for new data...
2026-06-17 19:35:03,327 - INFO - Polling Strava for new activities...
2026-06-17 22:35:13,406 - INFO - Polling Strava for new activities...
2026-06-18 01:35:23,546 - INFO - Polling Oura for new data...
2026-06-18 01:35:28,080 - INFO - Ingested Oura readiness data for 2026-06-17
2026-06-18 01:35:28,081 - INFO - Polling Strava for new activities...
2026-06-18 01:35:28,122 - INFO - New data found: ['oura']
2026-06-18 04:35:38,289 - INFO - Polling Strava for new activities...
2026-06-18 07:33:58,813 - INFO - Welly daemon started (PID: 4371)
2026-06-18 07:33:58,824 - INFO - Welly Monitor starting - always-on pattern detection
2026-06-18 08:04:00,532 - INFO - Polling Oura for new data...
2026-06-18 08:04:01,654 - INFO - Polling Strava for new activities...
2026-06-18 11:04:11,949 - INFO - Polling Strava for new activities...
2026-06-18 14:04:22,034 - INFO - Polling Oura for new data...
2026-06-18 14:04:23,296 - INFO - Polling Strava for new activities...
2026-06-18 17:04:33,485 - INFO - Polling Strava for new activities...
2026-06-18 20:04:43,649 - INFO - Polling Oura for new data...
2026-06-18 20:04:44,548 - INFO - Polling Strava for new activities...
2026-06-18 23:04:54,700 - INFO - Polling Strava for new activities...
2026-06-19 02:05:04,780 - INFO - Polling Oura for new data...
2026-06-19 02:05:06,616 - INFO - Ingested Oura readiness data for 2026-06-18
2026-06-19 02:05:06,616 - INFO - Polling Strava for new activities...
2026-06-19 02:05:06,658 - INFO - New data found: ['oura']
2026-06-19 05:05:16,464 - INFO - Polling Strava for new activities...
2026-06-19 08:05:26,485 - INFO - Polling Oura for new data...
2026-06-19 08:05:27,538 - INFO - Polling Strava for new activities...
2026-06-19 11:05:37,452 - INFO - Polling Strava for new activities...
2026-06-19 14:05:47,420 - INFO - Polling Oura for new data...
2026-06-19 14:05:48,270 - INFO - Polling Strava for new activities...
2026-06-19 17:05:58,172 - INFO - Polling Strava for new activities...
2026-06-19 20:06:08,242 - INFO - Polling Oura for new data...
2026-06-19 20:06:09,069 - INFO - Polling Strava for new activities...
2026-06-19 23:06:19,360 - INFO - Polling Strava for new activities...
2026-06-20 02:06:29,858 - INFO - Polling Oura for new data...
2026-06-20 02:06:32,201 - INFO - Ingested Oura readiness data for 2026-06-19
2026-06-20 02:06:32,201 - INFO - Polling Strava for new activities...
2026-06-20 02:06:32,240 - INFO - New data found: ['oura']
2026-06-20 05:06:42,788 - INFO - Polling Strava for new activities...
2026-06-20 08:06:53,610 - INFO - Polling Oura for new data...
2026-06-20 08:06:54,495 - INFO - Polling Strava for new activities...
2026-06-20 11:07:05,177 - INFO - Polling Strava for new activities...
2026-06-20 14:07:15,947 - INFO - Polling Oura for new data...
2026-06-20 14:07:16,847 - INFO - Polling Strava for new activities...
2026-06-20 17:07:27,829 - INFO - Polling Strava for new activities...
2026-06-20 20:07:38,720 - INFO - Polling Oura for new data...
2026-06-20 20:07:39,689 - INFO - Polling Strava for new activities...
2026-06-20 23:07:49,851 - INFO - Polling Strava for new activities...
2026-06-21 02:07:59,970 - INFO - Polling Oura for new data...
2026-06-21 02:08:00,892 - INFO - Polling Strava for new activities...
2026-06-21 05:08:11,100 - INFO - Polling Strava for new activities...
2026-06-21 08:08:21,260 - INFO - Polling Oura for new data...
2026-06-21 08:08:22,208 - INFO - Polling Strava for new activities...
2026-06-21 11:08:32,358 - INFO - Polling Strava for new activities...
2026-06-21 14:08:42,514 - INFO - Polling Oura for new data...
2026-06-21 14:08:43,348 - INFO - Polling Strava for new activities...
2026-06-21 17:08:53,449 - INFO - Polling Strava for new activities...
2026-06-21 20:09:03,572 - INFO - Polling Oura for new data...
2026-06-21 20:09:04,354 - INFO - Polling Strava for new activities...
2026-06-21 23:09:14,783 - INFO - Polling Strava for new activities...
2026-06-22 02:09:25,162 - INFO - Polling Oura for new data...
2026-06-22 02:09:26,026 - INFO - Polling Strava for new activities...
2026-06-22 05:09:36,519 - INFO - Polling Strava for new activities...
2026-06-22 08:09:46,949 - INFO - Polling Oura for new data...
2026-06-22 08:09:47,922 - INFO - Polling Strava for new activities...
2026-06-22 11:09:58,280 - INFO - Polling Strava for new activities...
2026-06-22 14:10:08,516 - INFO - Polling Oura for new data...
2026-06-22 14:10:09,417 - INFO - Polling Strava for new activities...
2026-06-22 17:10:19,514 - INFO - Polling Strava for new activities...
2026-06-22 20:10:29,707 - INFO - Polling Oura for new data...
2026-06-22 20:10:30,549 - INFO - Polling Strava for new activities...
2026-06-22 23:10:40,681 - INFO - Polling Strava for new activities...
2026-06-23 02:10:50,828 - INFO - Polling Oura for new data...
2026-06-23 02:10:51,660 - INFO - Polling Strava for new activities...
2026-06-23 05:11:01,768 - INFO - Polling Strava for new activities...
2026-06-23 08:11:11,910 - INFO - Polling Oura for new data...
2026-06-23 08:11:12,791 - INFO - Polling Strava for new activities...
2026-06-23 11:11:22,864 - INFO - Polling Strava for new activities...
2026-06-23 14:11:32,870 - INFO - Polling Oura for new data...
2026-06-23 14:11:33,706 - INFO - Polling Strava for new activities...
2026-06-23 17:11:43,840 - INFO - Polling Strava for new activities...
2026-06-23 20:11:53,956 - INFO - Polling Oura for new data...
2026-06-23 20:11:54,814 - INFO - Polling Strava for new activities...
2026-06-23 23:12:04,960 - INFO - Polling Strava for new activities...
2026-06-24 02:12:15,127 - INFO - Polling Oura for new data...
2026-06-24 02:12:17,140 - INFO - Ingested Oura readiness data for 2026-06-23
2026-06-24 02:12:17,141 - INFO - Polling Strava for new activities...
2026-06-24 02:12:17,179 - INFO - New data found: ['oura']
2026-06-24 05:12:27,318 - INFO - Polling Strava for new activities...
2026-06-24 08:12:37,431 - INFO - Polling Oura for new data...
2026-06-24 08:12:38,262 - INFO - Polling Strava for new activities...
2026-06-24 11:12:48,430 - INFO - Polling Strava for new activities...
2026-06-24 14:12:58,530 - INFO - Polling Oura for new data...
2026-06-24 14:12:59,335 - INFO - Polling Strava for new activities...
2026-06-24 17:13:09,528 - INFO - Polling Strava for new activities...
2026-06-24 20:13:19,681 - INFO - Polling Oura for new data...
2026-06-24 20:13:20,723 - INFO - Polling Strava for new activities...
2026-06-24 23:13:30,835 - INFO - Polling Strava for new activities...
2026-06-25 02:13:40,913 - INFO - Polling Oura for new data...
2026-06-25 02:13:42,644 - INFO - Ingested Oura readiness data for 2026-06-24
2026-06-25 02:13:42,644 - INFO - Polling Strava for new activities...
2026-06-25 02:13:42,681 - INFO - New data found: ['oura']
2026-06-25 05:13:52,777 - INFO - Polling Strava for new activities...
2026-06-25 08:14:02,931 - INFO - Polling Oura for new data...
2026-06-25 08:14:04,297 - INFO - Polling Strava for new activities...
2026-06-25 11:14:14,437 - INFO - Polling Strava for new activities...
2026-06-25 14:14:24,536 - INFO - Polling Oura for new data...
2026-06-25 14:14:26,367 - INFO - Ingested Oura readiness data for 2026-06-24
2026-06-25 14:14:26,367 - INFO - Polling Strava for new activities...
2026-06-25 14:14:26,410 - INFO - New data found: ['oura']
2026-06-25 17:14:36,538 - INFO - Polling Strava for new activities...
2026-06-25 20:14:47,180 - INFO - Polling Oura for new data...
2026-06-25 20:14:48,104 - INFO - Polling Strava for new activities...
2026-06-25 23:14:59,097 - INFO - Polling Strava for new activities...
2026-06-26 02:15:09,560 - INFO - Polling Oura for new data...
2026-06-26 02:15:10,576 - INFO - Polling Strava for new activities...
2026-06-26 05:15:20,946 - INFO - Polling Strava for new activities...
2026-06-26 08:15:31,451 - INFO - Polling Oura for new data...
2026-06-26 08:15:32,466 - INFO - Polling Strava for new activities...
2026-06-26 11:15:42,951 - INFO - Polling Strava for new activities...
2026-06-26 14:15:53,340 - INFO - Polling Oura for new data...
2026-06-26 14:15:54,451 - INFO - Polling Strava for new activities...
2026-06-26 17:16:04,752 - INFO - Polling Strava for new activities...
2026-06-26 20:16:15,120 - INFO - Polling Oura for new data...
2026-06-26 20:16:16,019 - INFO - Polling Strava for new activities...
2026-06-26 23:16:26,287 - INFO - Polling Strava for new activities...
2026-06-27 02:16:36,596 - INFO - Polling Oura for new data...
2026-06-27 02:16:37,427 - INFO - Polling Strava for new activities...
2026-06-27 05:16:47,704 - INFO - Polling Strava for new activities...
2026-06-27 08:16:57,980 - INFO - Polling Oura for new data...
2026-06-27 08:16:58,769 - INFO - Polling Strava for new activities...
2026-06-27 11:17:09,044 - INFO - Polling Strava for new activities...
2026-06-27 14:17:19,305 - INFO - Polling Oura for new data...
2026-06-27 14:17:20,104 - INFO - Polling Strava for new activities...
2026-06-27 17:17:30,440 - INFO - Polling Strava for new activities...
2026-06-27 20:17:40,786 - INFO - Polling Oura for new data...
2026-06-27 20:17:41,592 - INFO - Polling Strava for new activities...
2026-06-27 23:17:51,951 - INFO - Polling Strava for new activities...
2026-06-28 02:18:02,355 - INFO - Polling Oura for new data...
2026-06-28 02:18:03,694 - INFO - Polling Strava for new activities...
2026-06-28 05:18:13,998 - INFO - Polling Strava for new activities...
2026-06-28 08:18:24,577 - INFO - Polling Oura for new data...
2026-06-28 08:18:25,702 - INFO - Polling Strava for new activities...
2026-06-28 11:18:36,849 - INFO - Polling Strava for new activities...
2026-06-28 14:18:47,905 - INFO - Polling Oura for new data...
2026-06-28 14:18:48,756 - INFO - Polling Strava for new activities...
2026-06-28 17:18:59,976 - INFO - Polling Strava for new activities...
2026-06-28 20:19:11,468 - INFO - Polling Oura for new data...
2026-06-28 20:19:12,349 - INFO - Polling Strava for new activities...
2026-06-28 23:19:23,565 - INFO - Polling Strava for new activities...
2026-06-29 02:19:34,653 - INFO - Polling Oura for new data...
2026-06-29 02:19:35,539 - INFO - Polling Strava for new activities...
2026-06-29 05:19:46,760 - INFO - Polling Strava for new activities...
2026-06-29 08:19:58,199 - INFO - Polling Oura for new data...
2026-06-29 08:19:59,031 - INFO - Polling Strava for new activities...
2026-06-29 11:20:10,403 - INFO - Polling Strava for new activities...
2026-06-29 14:20:21,701 - INFO - Polling Oura for new data...
2026-06-29 14:20:22,990 - INFO - Polling Strava for new activities...
2026-06-29 17:20:34,186 - INFO - Polling Strava for new activities...
2026-06-29 20:20:44,921 - INFO - Polling Oura for new data...
2026-06-29 20:20:45,720 - INFO - Polling Strava for new activities...
2026-06-29 23:20:56,038 - INFO - Polling Strava for new activities...
2026-06-30 02:21:06,298 - INFO - Polling Oura for new data...
2026-06-30 02:21:07,105 - INFO - Polling Strava for new activities...
2026-06-30 05:21:17,475 - INFO - Polling Strava for new activities...
2026-06-30 08:21:27,916 - INFO - Polling Oura for new data...
2026-06-30 08:21:29,442 - INFO - Polling Strava for new activities...
2026-06-30 11:21:39,807 - INFO - Polling Strava for new activities...
2026-06-30 14:21:50,328 - INFO - Polling Oura for new data...
2026-06-30 14:21:51,160 - INFO - Polling Strava for new activities...
2026-06-30 17:22:01,916 - INFO - Polling Strava for new activities...
2026-06-30 20:22:12,427 - INFO - Polling Oura for new data...
2026-06-30 20:22:13,266 - INFO - Polling Strava for new activities...
2026-06-30 23:22:23,661 - INFO - Polling Strava for new activities...
2026-07-01 02:22:34,078 - INFO - Polling Oura for new data...
2026-07-01 02:22:34,991 - INFO - Polling Strava for new activities...
2026-07-01 05:22:45,458 - INFO - Polling Strava for new activities...
2026-07-01 08:22:56,008 - INFO - Polling Oura for new data...
2026-07-01 08:22:56,895 - INFO - Polling Strava for new activities...
2026-07-01 11:23:07,470 - INFO - Polling Strava for new activities...
2026-07-01 14:23:18,018 - INFO - Polling Oura for new data...
2026-07-01 14:23:18,909 - INFO - Polling Strava for new activities...
2026-07-01 17:23:29,608 - INFO - Polling Strava for new activities...
2026-07-01 20:23:40,360 - INFO - Polling Oura for new data...
2026-07-01 20:23:41,259 - INFO - Polling Strava for new activities...
2026-07-01 23:23:51,772 - INFO - Polling Strava for new activities...
2026-07-02 02:24:02,221 - INFO - Polling Oura for new data...
2026-07-02 02:24:03,483 - INFO - Polling Strava for new activities...
2026-07-02 05:24:13,998 - INFO - Polling Strava for new activities...
2026-07-02 08:24:24,533 - INFO - Polling Oura for new data...
2026-07-02 08:24:25,388 - INFO - Polling Strava for new activities...
2026-07-02 11:24:35,764 - INFO - Polling Strava for new activities...
2026-07-02 14:24:46,100 - INFO - Polling Oura for new data...
2026-07-02 14:24:46,956 - INFO - Polling Strava for new activities...
2026-07-02 17:24:57,665 - INFO - Polling Strava for new activities...
2026-07-02 20:25:08,319 - INFO - Polling Oura for new data...
2026-07-02 20:25:09,421 - INFO - Polling Strava for new activities...
2026-07-02 23:25:19,764 - INFO - Polling Strava for new activities...
2026-07-03 02:25:30,048 - INFO - Polling Oura for new data...
2026-07-03 02:25:30,965 - INFO - Polling Strava for new activities...
2026-07-03 05:25:41,332 - INFO - Polling Strava for new activities...
2026-07-03 08:25:51,840 - INFO - Polling Oura for new data...
2026-07-03 08:25:52,645 - INFO - Polling Strava for new activities...
2026-07-03 11:26:03,055 - INFO - Polling Strava for new activities...
2026-07-03 14:26:13,432 - INFO - Polling Oura for new data...
2026-07-03 14:26:14,387 - INFO - Polling Strava for new activities...
2026-07-03 17:26:24,824 - INFO - Polling Strava for new activities...
2026-07-03 20:26:36,670 - INFO - Polling Oura for new data...
2026-07-03 20:26:37,544 - INFO - Polling Strava for new activities...
2026-07-03 23:26:49,747 - INFO - Polling Strava for new activities...
2026-07-04 02:27:00,776 - INFO - Polling Oura for new data...
2026-07-04 02:27:01,750 - INFO - Polling Strava for new activities...
2026-07-04 05:27:12,150 - INFO - Polling Strava for new activities...
2026-07-04 08:27:22,618 - INFO - Polling Oura for new data...
2026-07-04 08:27:23,421 - INFO - Polling Strava for new activities...
2026-07-04 11:27:33,854 - INFO - Polling Strava for new activities...
2026-07-04 14:27:44,269 - INFO - Polling Oura for new data...
2026-07-04 14:27:45,083 - INFO - Polling Strava for new activities...
2026-07-04 17:27:55,614 - INFO - Polling Strava for new activities...
2026-07-04 20:28:06,081 - INFO - Polling Oura for new data...
2026-07-04 20:28:06,975 - INFO - Polling Strava for new activities...
2026-07-04 23:28:17,322 - INFO - Polling Strava for new activities...
2026-07-05 02:28:27,648 - INFO - Polling Oura for new data...
2026-07-05 02:28:28,924 - INFO - Polling Strava for new activities...
2026-07-05 05:28:39,306 - INFO - Polling Strava for new activities...
2026-07-05 08:28:49,682 - INFO - Polling Oura for new data...
2026-07-05 08:28:50,509 - INFO - Polling Strava for new activities...
2026-07-05 11:29:00,939 - INFO - Polling Strava for new activities...
2026-07-05 14:29:11,343 - INFO - Polling Oura for new data...
2026-07-05 14:29:12,183 - INFO - Polling Strava for new activities...
2026-07-05 17:29:22,651 - INFO - Polling Strava for new activities...
2026-07-05 20:29:33,071 - INFO - Polling Oura for new data...
2026-07-05 20:29:33,962 - INFO - Polling Strava for new activities...
2026-07-05 23:29:44,366 - INFO - Polling Strava for new activities...
2026-07-06 02:29:54,776 - INFO - Polling Oura for new data...
2026-07-06 02:29:55,590 - INFO - Polling Strava for new activities...
2026-07-06 05:30:06,026 - INFO - Polling Strava for new activities...
2026-07-06 08:30:16,391 - INFO - Polling Oura for new data...
2026-07-06 08:30:17,253 - INFO - Polling Strava for new activities...
2026-07-06 11:30:27,743 - INFO - Polling Strava for new activities...
2026-07-06 14:30:38,350 - INFO - Polling Oura for new data...
2026-07-06 14:30:39,236 - INFO - Polling Strava for new activities...
2026-07-06 17:30:49,963 - INFO - Polling Strava for new activities...
2026-07-06 20:31:00,607 - INFO - Polling Oura for new data...
2026-07-06 20:31:01,951 - INFO - Polling Strava for new activities...
2026-07-06 23:31:12,322 - INFO - Polling Strava for new activities...
2026-07-07 02:31:22,688 - INFO - Polling Oura for new data...
2026-07-07 02:31:23,645 - INFO - Polling Strava for new activities...
2026-07-07 05:31:33,980 - INFO - Polling Strava for new activities...
2026-07-07 08:31:44,369 - INFO - Polling Oura for new data...
2026-07-07 08:31:45,196 - INFO - Polling Strava for new activities...
2026-07-07 11:31:55,661 - INFO - Polling Strava for new activities...
2026-07-07 14:32:06,000 - INFO - Polling Oura for new data...
2026-07-07 14:32:06,801 - INFO - Polling Strava for new activities...
2026-07-07 17:32:17,236 - INFO - Polling Strava for new activities...
2026-07-07 20:32:27,577 - INFO - Polling Oura for new data...
2026-07-07 20:32:28,407 - INFO - Polling Strava for new activities...
2026-07-07 23:32:38,670 - INFO - Polling Strava for new activities...
2026-07-08 02:32:48,984 - INFO - Polling Oura for new data...
2026-07-08 02:32:49,845 - INFO - Polling Strava for new activities...
2026-07-08 05:33:00,000 - INFO - Polling Strava for new activities...
2026-07-08 08:33:10,313 - INFO - Polling Oura for new data...
2026-07-08 08:33:11,144 - INFO - Polling Strava for new activities...
2026-07-08 11:33:21,454 - INFO - Polling Strava for new activities...
2026-07-08 14:33:31,664 - INFO - Polling Oura for new data...
2026-07-08 14:33:32,527 - INFO - Polling Strava for new activities...
2026-07-08 17:33:42,827 - INFO - Polling Strava for new activities...
2026-07-08 20:33:53,144 - INFO - Polling Oura for new data...
2026-07-08 20:33:53,967 - INFO - Polling Strava for new activities...
2026-07-08 23:34:04,156 - INFO - Polling Strava for new activities...
2026-07-09 02:34:14,343 - INFO - Polling Oura for new data...
2026-07-09 02:34:15,164 - INFO - Polling Strava for new activities...
2026-07-09 05:34:25,360 - INFO - Polling Strava for new activities...
2026-07-09 08:34:35,553 - INFO - Polling Oura for new data...
2026-07-09 08:34:36,470 - INFO - Polling Strava for new activities...
2026-07-09 11:34:46,528 - INFO - Polling Strava for new activities...
2026-07-09 14:34:56,729 - INFO - Polling Oura for new data...
2026-07-09 14:34:57,596 - INFO - Polling Strava for new activities...
2026-07-09 17:35:07,870 - INFO - Polling Strava for new activities...
2026-07-09 20:35:18,087 - INFO - Polling Oura for new data...
2026-07-09 20:35:18,993 - INFO - Polling Strava for new activities...
2026-07-09 23:35:29,191 - INFO - Polling Strava for new activities...
2026-07-10 02:35:39,296 - INFO - Polling Oura for new data...
2026-07-10 02:35:40,231 - INFO - Polling Strava for new activities...
2026-07-10 05:35:50,372 - INFO - Polling Strava for new activities...
2026-07-10 08:36:00,636 - INFO - Polling Oura for new data...
2026-07-10 08:36:01,474 - INFO - Polling Strava for new activities...
2026-07-10 11:36:11,665 - INFO - Polling Strava for new activities...
2026-07-10 14:36:22,057 - INFO - Polling Oura for new data...
2026-07-10 14:36:23,019 - INFO - Polling Strava for new activities...
2026-07-10 17:36:33,275 - INFO - Polling Strava for new activities...
2026-07-10 20:36:43,554 - INFO - Polling Oura for new data...
2026-07-10 20:36:45,118 - INFO - Polling Strava for new activities...
2026-07-10 23:36:55,335 - INFO - Polling Strava for new activities...
2026-07-11 02:37:05,547 - INFO - Polling Oura for new data...
2026-07-11 02:37:06,357 - INFO - Polling Strava for new activities...
2026-07-11 05:37:16,590 - INFO - Polling Strava for new activities...
2026-07-11 08:37:26,871 - INFO - Polling Oura for new data...
2026-07-11 08:37:27,645 - INFO - Polling Strava for new activities...
2026-07-11 11:37:37,769 - INFO - Polling Strava for new activities...
2026-07-11 14:37:47,944 - INFO - Polling Oura for new data...
2026-07-11 14:37:48,766 - INFO - Polling Strava for new activities...
2026-07-11 17:37:58,920 - INFO - Polling Strava for new activities...
2026-07-11 20:38:09,119 - INFO - Polling Oura for new data...
2026-07-11 20:38:09,937 - INFO - Polling Strava for new activities...
2026-07-11 23:38:20,134 - INFO - Polling Strava for new activities...
2026-07-12 02:38:30,154 - INFO - Polling Oura for new data...
2026-07-12 02:38:31,294 - INFO - Polling Strava for new activities...
2026-07-12 05:38:41,377 - INFO - Polling Strava for new activities...
2026-07-12 08:38:51,572 - INFO - Polling Oura for new data...
2026-07-12 08:38:52,376 - INFO - Polling Strava for new activities...
2026-07-12 11:39:02,491 - INFO - Polling Strava for new activities...
2026-07-12 14:39:12,610 - INFO - Polling Oura for new data...
2026-07-12 14:39:13,388 - INFO - Polling Strava for new activities...
2026-07-12 17:39:23,568 - INFO - Polling Strava for new activities...
2026-07-12 20:39:33,731 - INFO - Polling Oura for new data...
2026-07-12 20:39:34,564 - INFO - Polling Strava for new activities...
2026-07-12 23:39:44,623 - INFO - Polling Strava for new activities...
2026-07-13 02:39:54,711 - INFO - Polling Oura for new data...
2026-07-13 02:39:55,650 - INFO - Polling Strava for new activities...
2026-07-13 05:40:05,892 - INFO - Polling Strava for new activities...
2026-07-13 08:40:16,083 - INFO - Polling Oura for new data...
2026-07-13 08:40:16,951 - INFO - Polling Strava for new activities...
2026-07-13 11:40:27,211 - INFO - Polling Strava for new activities...
2026-07-13 14:40:37,553 - INFO - Polling Oura for new data...
2026-07-13 14:40:39,316 - INFO - Polling Strava for new activities...
2026-07-13 17:40:49,584 - INFO - Polling Strava for new activities...
2026-07-13 20:40:59,893 - INFO - Polling Oura for new data...
2026-07-13 20:41:00,799 - INFO - Polling Strava for new activities...
2026-07-13 23:41:11,018 - INFO - Polling Strava for new activities...
2026-07-14 02:41:21,230 - INFO - Polling Oura for new data...
2026-07-14 02:41:23,187 - INFO - Polling Strava for new activities...
2026-07-14 05:41:33,364 - INFO - Polling Strava for new activities...
2026-07-14 08:41:43,617 - INFO - Polling Oura for new data...
2026-07-14 08:41:44,494 - INFO - Polling Strava for new activities...
2026-07-14 11:41:54,770 - INFO - Polling Strava for new activities...
2026-07-14 14:42:04,976 - INFO - Polling Oura for new data...
2026-07-14 14:42:05,821 - INFO - Polling Strava for new activities...
2026-07-14 17:42:16,000 - INFO - Polling Strava for new activities...
2026-07-14 20:42:26,035 - INFO - Polling Oura for new data...
2026-07-14 20:42:27,029 - INFO - Polling Strava for new activities...
2026-07-14 23:42:37,310 - INFO - Polling Strava for new activities...
2026-07-15 02:42:47,382 - INFO - Polling Oura for new data...
2026-07-15 02:42:48,195 - INFO - Polling Strava for new activities...
2026-07-15 05:42:58,151 - INFO - Polling Strava for new activities...
2026-07-15 08:43:08,279 - INFO - Polling Oura for new data...
2026-07-15 08:43:09,203 - INFO - Polling Strava for new activities...
2026-07-15 11:43:19,285 - INFO - Polling Strava for new activities...
2026-07-15 14:43:29,366 - INFO - Polling Oura for new data...
2026-07-15 14:43:31,418 - INFO - Polling Strava for new activities...
2026-07-15 17:43:41,738 - INFO - Polling Strava for new activities...
2026-07-15 20:43:51,995 - INFO - Polling Oura for new data...
2026-07-15 20:43:52,917 - INFO - Polling Strava for new activities...
2026-07-15 23:44:03,223 - INFO - Polling Strava for new activities...
2026-07-16 02:44:13,453 - INFO - Polling Oura for new data...
2026-07-16 02:44:14,300 - INFO - Polling Strava for new activities...
2026-07-16 05:44:24,513 - INFO - Polling Strava for new activities...
2026-07-16 08:44:34,759 - INFO - Polling Oura for new data...
2026-07-16 08:44:35,578 - INFO - Polling Strava for new activities...
2026-07-16 11:44:45,868 - INFO - Polling Strava for new activities...
2026-07-16 14:44:56,060 - INFO - Polling Oura for new data...
2026-07-16 14:44:56,960 - INFO - Polling Strava for new activities...
2026-07-16 17:45:07,222 - INFO - Polling Strava for new activities...
2026-07-16 20:45:17,528 - INFO - Polling Oura for new data...
2026-07-16 20:45:18,729 - INFO - Polling Strava for new activities...
2026-07-16 23:45:28,897 - INFO - Polling Strava for new activities...
2026-07-17 02:45:38,999 - INFO - Polling Oura for new data...
2026-07-17 02:45:39,801 - INFO - Polling Strava for new activities...
2026-07-17 05:45:49,920 - INFO - Polling Strava for new activities...
2026-07-17 08:46:00,210 - INFO - Polling Oura for new data...
2026-07-17 08:46:01,029 - INFO - Polling Strava for new activities...
2026-07-17 11:46:11,205 - INFO - Polling Strava for new activities...
2026-07-17 14:46:21,485 - INFO - Polling Oura for new data...
2026-07-17 14:46:22,269 - INFO - Polling Strava for new activities...
2026-07-17 17:46:32,467 - INFO - Polling Strava for new activities...
2026-07-17 20:46:42,689 - INFO - Polling Oura for new data...
2026-07-17 20:46:43,565 - INFO - Polling Strava for new activities...
2026-07-17 23:46:53,762 - INFO - Polling Strava for new activities...
2026-07-18 02:47:03,962 - INFO - Polling Oura for new data...
2026-07-18 02:47:04,761 - INFO - Polling Strava for new activities...
2026-07-18 05:47:14,956 - INFO - Polling Strava for new activities...
2026-07-18 08:47:25,154 - INFO - Polling Oura for new data...
2026-07-18 08:47:26,101 - INFO - Polling Strava for new activities...
2026-07-18 11:47:36,306 - INFO - Polling Strava for new activities...
2026-07-18 14:47:46,533 - INFO - Polling Oura for new data...
2026-07-18 14:47:47,423 - INFO - Polling Strava for new activities...
2026-07-18 17:47:57,699 - INFO - Polling Strava for new activities...
2026-07-18 20:48:07,857 - INFO - Polling Oura for new data...
2026-07-18 20:48:09,373 - INFO - Polling Strava for new activities...
2026-07-18 23:48:19,538 - INFO - Polling Strava for new activities...
2026-07-19 02:48:29,820 - INFO - Polling Oura for new data...
2026-07-19 02:48:30,800 - INFO - Polling Strava for new activities...
2026-07-19 05:48:40,942 - INFO - Polling Strava for new activities...
2026-07-19 08:48:51,151 - INFO - Polling Oura for new data...
2026-07-19 08:48:52,047 - INFO - Polling Strava for new activities...
2026-07-19 11:49:02,284 - INFO - Polling Strava for new activities...
2026-07-19 14:49:12,492 - INFO - Polling Oura for new data...
2026-07-19 14:49:13,352 - INFO - Polling Strava for new activities...
2026-07-19 17:49:23,597 - INFO - Polling Strava for new activities...
2026-07-19 20:49:33,936 - INFO - Polling Oura for new data...
2026-07-19 20:49:34,805 - INFO - Polling Strava for new activities...
2026-07-19 23:49:44,916 - INFO - Polling Strava for new activities...
2026-07-20 02:49:55,140 - INFO - Polling Oura for new data...
2026-07-20 02:49:56,018 - INFO - Polling Strava for new activities...
2026-07-20 05:50:06,289 - INFO - Polling Strava for new activities...
2026-07-20 08:50:16,616 - INFO - Polling Oura for new data...
2026-07-20 08:50:17,515 - INFO - Polling Strava for new activities...
2026-07-20 11:50:27,816 - INFO - Polling Strava for new activities...
2026-07-20 14:50:38,082 - INFO - Polling Oura for new data...
2026-07-20 14:50:38,997 - INFO - Polling Strava for new activities...
2026-07-20 17:50:49,303 - INFO - Polling Strava for new activities...
2026-07-20 20:50:59,647 - INFO - Polling Oura for new data...
2026-07-20 20:51:00,521 - INFO - Polling Strava for new activities...
2026-07-20 23:51:10,656 - INFO - Polling Strava for new activities...
2026-07-21 02:51:20,836 - INFO - Polling Oura for new data...
2026-07-21 02:51:22,228 - INFO - Polling Strava for new activities...
2026-07-21 05:51:32,343 - INFO - Polling Strava for new activities...
2026-07-21 08:51:42,616 - INFO - Polling Oura for new data...
2026-07-21 08:51:43,411 - INFO - Polling Strava for new activities...
2026-07-21 11:51:53,734 - INFO - Polling Strava for new activities...
2026-07-21 14:52:04,073 - INFO - Polling Oura for new data...
2026-07-21 14:52:04,961 - INFO - Polling Strava for new activities...
2026-07-21 17:52:15,360 - INFO - Polling Strava for new activities...
2026-07-21 20:52:25,753 - INFO - Polling Oura for new data...
2026-07-21 20:52:26,561 - INFO - Polling Strava for new activities...
2026-07-21 23:52:36,742 - INFO - Polling Strava for new activities...
2026-07-22 02:52:46,982 - INFO - Polling Oura for new data...
2026-07-22 02:52:47,779 - INFO - Polling Strava for new activities...
2026-07-22 05:52:58,024 - INFO - Polling Strava for new activities...
2026-07-22 08:53:08,315 - INFO - Polling Oura for new data...
2026-07-22 08:53:09,146 - INFO - Polling Strava for new activities...
2026-07-22 11:53:19,486 - INFO - Polling Strava for new activities...
2026-07-22 14:53:29,836 - INFO - Polling Oura for new data...
2026-07-22 14:53:30,740 - INFO - Polling Strava for new activities...
2026-07-22 17:53:41,200 - INFO - Polling Strava for new activities...
2026-07-22 20:53:51,802 - INFO - Polling Oura for new data...
2026-07-22 20:53:52,628 - INFO - Polling Strava for new activities...
2026-07-22 23:54:02,971 - INFO - Polling Strava for new activities...
2026-07-23 02:54:13,400 - INFO - Polling Oura for new data...
2026-07-23 02:54:14,222 - INFO - Polling Strava for new activities...
2026-07-23 05:54:24,512 - INFO - Polling Strava for new activities...
2026-07-23 08:54:34,871 - INFO - Polling Oura for new data...
2026-07-23 08:54:35,729 - INFO - Polling Strava for new activities...
2026-07-23 11:54:46,057 - INFO - Polling Strava for new activities...
2026-07-23 14:54:56,452 - INFO - Polling Oura for new data...
2026-07-23 14:54:57,330 - INFO - Polling Strava for new activities...
2026-07-23 17:55:07,689 - INFO - Polling Strava for new activities...
2026-07-23 20:55:18,093 - INFO - Polling Oura for new data...
2026-07-23 20:55:18,951 - INFO - Polling Strava for new activities...
2026-07-23 23:55:29,283 - INFO - Polling Strava for new activities...
2026-07-24 02:55:39,721 - INFO - Polling Oura for new data...
2026-07-24 02:55:40,632 - INFO - Polling Strava for new activities...
2026-07-24 05:55:50,826 - INFO - Polling Strava for new activities...
2026-07-24 08:56:01,138 - INFO - Polling Oura for new data...
2026-07-24 08:56:02,220 - INFO - Polling Strava for new activities...
2026-07-24 11:56:12,617 - INFO - Polling Strava for new activities...
2026-07-24 14:56:23,010 - INFO - Polling Oura for new data...
2026-07-24 14:56:23,827 - INFO - Polling Strava for new activities...
2026-07-24 17:56:34,376 - INFO - Polling Strava for new activities...
2026-07-24 20:56:44,926 - INFO - Polling Oura for new data...
2026-07-24 20:56:45,755 - INFO - Polling Strava for new activities...
2026-07-24 23:56:56,135 - INFO - Polling Strava for new activities...
2026-07-25 02:57:06,541 - INFO - Polling Oura for new data...
2026-07-25 02:57:07,375 - INFO - Polling Strava for new activities...
2026-07-25 05:57:17,588 - INFO - Polling Strava for new activities...
2026-07-25 08:57:28,026 - INFO - Polling Oura for new data...
2026-07-25 08:57:28,846 - INFO - Polling Strava for new activities...
2026-07-25 11:57:39,226 - INFO - Polling Strava for new activities...
2026-07-25 14:57:49,584 - INFO - Polling Oura for new data...
2026-07-25 14:57:50,414 - INFO - Polling Strava for new activities...
2026-07-25 17:58:00,770 - INFO - Polling Strava for new activities...
2026-07-25 20:58:11,093 - INFO - Polling Oura for new data...
2026-07-25 20:58:11,898 - INFO - Polling Strava for new activities...
2026-07-25 23:58:22,230 - INFO - Polling Strava for new activities...
2026-07-26 02:58:32,638 - INFO - Polling Oura for new data...
2026-07-26 02:58:33,714 - INFO - Polling Strava for new activities...
2026-07-26 05:58:44,081 - INFO - Polling Strava for new activities...
2026-07-26 08:58:54,371 - INFO - Polling Oura for new data...
2026-07-26 08:58:55,182 - INFO - Polling Strava for new activities...
2026-07-26 11:59:05,414 - INFO - Polling Strava for new activities...
2026-07-26 14:59:15,728 - INFO - Polling Oura for new data...
2026-07-26 14:59:16,613 - INFO - Polling Strava for new activities...
2026-07-26 17:59:26,839 - INFO - Polling Strava for new activities...
2026-07-26 20:59:37,159 - INFO - Polling Oura for new data...
2026-07-26 20:59:38,068 - INFO - Polling Strava for new activities...
2026-07-26 23:59:48,380 - INFO - Polling Strava for new activities...
2026-07-27 02:59:58,745 - INFO - Polling Oura for new data...
2026-07-27 02:59:59,654 - INFO - Polling Strava for new activities...
2026-07-27 06:00:10,026 - INFO - Polling Strava for new activities...
2026-07-27 09:00:20,367 - INFO - Polling Oura for new data...
2026-07-27 09:00:21,395 - INFO - Polling Strava for new activities...
2026-07-27 12:00:31,707 - INFO - Polling Strava for new activities...
2026-07-27 15:00:42,169 - INFO - Polling Oura for new data...
2026-07-27 15:00:43,038 - INFO - Polling Strava for new activities...
2026-07-27 18:00:53,900 - INFO - Polling Strava for new activities...
2026-07-27 21:01:04,473 - INFO - Polling Oura for new data...
2026-07-27 21:01:05,278 - INFO - Polling Strava for new activities...
2026-07-28 00:01:15,573 - INFO - Polling Strava for new activities...
2026-07-28 03:01:25,971 - INFO - Polling Oura for new data...
2026-07-28 03:01:26,928 - INFO - Polling Strava for new activities...
2026-07-28 06:01:37,269 - INFO - Polling Strava for new activities...
2026-07-28 09:01:47,723 - INFO - Polling Oura for new data...
2026-07-28 09:01:48,557 - INFO - Polling Strava for new activities...
2026-07-28 12:01:59,050 - INFO - Polling Strava for new activities...
2026-07-28 15:02:09,576 - INFO - Polling Oura for new data...
2026-07-28 15:02:10,523 - INFO - Polling Strava for new activities...
2026-07-28 18:02:21,084 - INFO - Polling Strava for new activities...
2026-07-28 21:02:31,589 - INFO - Polling Oura for new data...
2026-07-28 21:02:32,871 - INFO - Polling Strava for new activities...
2026-07-29 00:02:43,279 - INFO - Polling Strava for new activities...
2026-07-29 03:02:53,689 - INFO - Polling Oura for new data...
2026-07-29 03:02:54,489 - INFO - Polling Strava for new activities...
2026-07-29 06:03:04,866 - INFO - Polling Strava for new activities...
2026-07-29 09:03:15,259 - INFO - Polling Oura for new data...
2026-07-29 09:03:16,338 - INFO - Polling Strava for new activities...
2026-07-29 12:03:26,713 - INFO - Polling Strava for new activities...
2026-07-29 15:03:37,268 - INFO - Polling Oura for new data...
2026-07-29 15:03:38,166 - INFO - Polling Strava for new activities...
2026-07-29 18:03:48,877 - INFO - Polling Strava for new activities...
2026-07-29 21:03:59,269 - INFO - Polling Oura for new data...
2026-07-29 21:04:00,207 - INFO - Polling Strava for new activities...
2026-07-30 00:04:10,707 - INFO - Polling Strava for new activities...
2026-07-30 03:04:21,140 - INFO - Polling Oura for new data...
2026-07-30 03:04:22,039 - INFO - Polling Strava for new activities...
2026-07-30 06:04:32,374 - INFO - Polling Strava for new activities...
2026-07-30 09:04:42,784 - INFO - Polling Oura for new data...
2026-07-30 09:04:43,620 - INFO - Polling Strava for new activities...
2026-07-30 12:04:53,912 - INFO - Polling Strava for new activities...
2026-07-30 15:05:04,317 - INFO - Polling Oura for new data...
2026-07-30 15:05:05,194 - INFO - Polling Strava for new activities...
2026-07-30 18:05:15,666 - INFO - Polling Strava for new activities...
2026-07-30 21:05:26,169 - INFO - Polling Oura for new data...
2026-07-30 21:05:27,015 - INFO - Polling Strava for new activities...
2026-07-31 00:05:37,434 - INFO - Polling Strava for new activities...
2026-07-31 03:05:47,764 - INFO - Polling Oura for new data...
2026-07-31 03:05:48,594 - INFO - Polling Strava for new activities...
2026-07-31 06:05:58,963 - INFO - Polling Strava for new activities...
2026-07-31 09:06:09,559 - INFO - Polling Oura for new data...
2026-07-31 09:06:11,443 - INFO - Polling Strava for new activities...
2026-07-31 12:06:22,000 - INFO - Polling Strava for new activities...
2026-07-31 15:06:32,596 - INFO - Polling Oura for new data...
2026-07-31 15:06:33,433 - INFO - Polling Strava for new activities...
2026-07-31 18:06:44,233 - INFO - Polling Strava for new activities...
2026-07-31 21:06:55,058 - INFO - Polling Oura for new data...
2026-07-31 21:06:55,925 - INFO - Polling Strava for new activities...
2026-08-01 00:07:06,483 - INFO - Polling Strava for new activities...
2026-08-01 03:07:16,797 - INFO - Polling Oura for new data...
2026-08-01 03:07:17,596 - INFO - Polling Strava for new activities...
2026-08-01 06:07:27,948 - INFO - Polling Strava for new activities...
2026-08-01 09:07:38,310 - INFO - Polling Oura for new data...
2026-08-01 09:07:39,334 - INFO - Polling Strava for new activities...
2026-08-01 12:07:49,694 - INFO - Polling Strava for new activities...
2026-08-01 15:07:59,967 - INFO - Polling Oura for new data...
2026-08-01 15:08:00,888 - INFO - Polling Strava for new activities...
2026-08-01 18:08:11,401 - INFO - Polling Strava for new activities...
2026-08-01 21:08:21,983 - INFO - Polling Oura for new data...
2026-08-01 21:08:22,814 - INFO - Polling Strava for new activities...
2026-08-02 00:08:33,160 - INFO - Polling Strava for new activities...
2026-08-02 03:08:43,453 - INFO - Polling Oura for new data...
2026-08-02 03:08:44,310 - INFO - Polling Strava for new activities...
2026-08-02 06:08:54,723 - INFO - Polling Strava for new activities...
2026-08-02 09:09:05,503 - INFO - Polling Oura for new data...
2026-08-02 09:09:06,376 - INFO - Polling Strava for new activities...
2026-08-02 12:09:17,103 - INFO - Polling Strava for new activities...
2026-08-02 15:09:27,551 - INFO - Polling Oura for new data...
2026-08-02 15:09:28,414 - INFO - Polling Strava for new activities...
2026-08-02 18:09:38,795 - INFO - Polling Strava for new activities...
2026-08-02 21:09:49,104 - INFO - Polling Oura for new data...
2026-08-02 21:09:49,897 - INFO - Polling Strava for new activities...
2026-08-03 00:10:00,263 - INFO - Polling Strava for new activities...
2026-08-03 03:10:10,546 - INFO - Polling Oura for new data...
2026-08-03 03:10:11,373 - INFO - Polling Strava for new activities...
2026-08-03 06:10:21,810 - INFO - Polling Strava for new activities...
2026-08-03 09:10:32,534 - INFO - Polling Oura for new data...
2026-08-03 09:10:34,114 - INFO - Polling Strava for new activities...
2026-08-03 12:10:44,768 - INFO - Polling Strava for new activities...
2026-08-03 15:10:55,448 - INFO - Polling Oura for new data...
2026-08-03 15:10:56,421 - INFO - Polling Strava for new activities...
2026-08-03 18:11:07,108 - INFO - Polling Strava for new activities...
2026-08-03 21:11:17,866 - INFO - Polling Oura for new data...
2026-08-03 21:11:18,901 - INFO - Polling Strava for new activities...
2026-08-04 00:11:29,271 - INFO - Polling Strava for new activities...
2026-08-04 03:11:39,565 - INFO - Polling Oura for new data...
2026-08-04 03:11:40,373 - INFO - Polling Strava for new activities...
2026-08-04 06:11:50,583 - INFO - Polling Strava for new activities...
2026-08-04 09:12:00,926 - INFO - Polling Oura for new data...
2026-08-04 09:12:01,934 - INFO - Polling Strava for new activities...
2026-08-04 12:12:12,376 - INFO - Polling Strava for new activities...
2026-08-04 15:12:22,781 - INFO - Polling Oura for new data...
2026-08-04 15:12:23,839 - INFO - Polling Strava for new activities...
2026-08-04 18:12:34,194 - INFO - Polling Strava for new activities...
2026-08-04 21:12:44,517 - INFO - Polling Oura for new data...
2026-08-04 21:12:45,353 - INFO - Polling Strava for new activities...
2026-08-05 00:12:55,562 - INFO - Polling Strava for new activities...
2026-08-05 03:13:05,868 - INFO - Polling Oura for new data...
2026-08-05 03:13:06,702 - INFO - Polling Strava for new activities...
2026-08-05 06:13:16,976 - INFO - Polling Strava for new activities...
2026-08-05 09:13:27,302 - INFO - Polling Oura for new data...
2026-08-05 09:13:28,283 - INFO - Polling Strava for new activities...
2026-08-05 12:13:38,644 - INFO - Polling Strava for new activities...
2026-08-05 15:13:49,212 - INFO - Polling Oura for new data...
2026-08-05 15:13:50,252 - INFO - Polling Strava for new activities...
2026-08-05 18:14:01,123 - INFO - Polling Strava for new activities...
2026-08-05 21:14:11,534 - INFO - Polling Oura for new data...
2026-08-05 21:14:12,387 - INFO - Polling Strava for new activities...
2026-08-06 00:14:22,699 - INFO - Polling Strava for new activities...
2026-08-06 03:14:32,937 - INFO - Polling Oura for new data...
2026-08-06 03:14:34,500 - INFO - Polling Strava for new activities...
2026-08-06 06:14:44,760 - INFO - Polling Strava for new activities...
2026-08-06 09:14:54,960 - INFO - Polling Oura for new data...
2026-08-06 09:14:55,803 - INFO - Polling Strava for new activities...
2026-08-06 12:15:06,191 - INFO - Polling Strava for new activities...
2026-08-06 15:15:16,637 - INFO - Polling Oura for new data...
2026-08-06 15:15:17,499 - INFO - Polling Strava for new activities...
2026-08-06 18:15:27,822 - INFO - Polling Strava for new activities...
2026-08-06 21:15:38,362 - INFO - Polling Oura for new data...
2026-08-06 21:15:39,270 - INFO - Polling Strava for new activities...
2026-08-07 00:15:49,531 - INFO - Polling Strava for new activities...
2026-08-07 03:15:59,811 - INFO - Polling Oura for new data...
2026-08-07 03:16:00,726 - INFO - Polling Strava for new activities...
2026-08-07 06:16:11,053 - INFO - Polling Strava for new activities...
2026-08-07 09:16:21,320 - INFO - Polling Oura for new data...
2026-08-07 09:16:22,391 - INFO - Polling Strava for new activities...
2026-08-07 12:16:32,703 - INFO - Polling Strava for new activities...
2026-08-07 15:16:42,986 - INFO - Polling Oura for new data...
2026-08-07 15:16:43,809 - INFO - Polling Strava for new activities...
2026-08-07 18:16:54,091 - INFO - Polling Strava for new activities...
2026-08-07 21:17:04,415 - INFO - Polling Oura for new data...
2026-08-07 21:17:05,313 - INFO - Polling Strava for new activities...
2026-08-08 00:17:15,663 - INFO - Polling Strava for new activities...
2026-08-08 03:17:26,183 - INFO - Polling Oura for new data...
2026-08-08 03:17:27,094 - INFO - Polling Strava for new activities...
2026-08-08 06:17:37,655 - INFO - Polling Strava for new activities...
2026-08-08 09:17:48,219 - INFO - Polling Oura for new data...
2026-08-08 09:17:49,072 - INFO - Polling Strava for new activities...
2026-08-08 12:17:59,394 - INFO - Polling Strava for new activities...
2026-08-08 15:18:09,790 - INFO - Polling Oura for new data...
2026-08-08 15:18:10,711 - INFO - Polling Strava for new activities...
2026-08-08 18:18:20,880 - INFO - Polling Strava for new activities...
2026-08-08 21:18:31,057 - INFO - Polling Oura for new data...
2026-08-08 21:18:31,988 - INFO - Polling Strava for new activities...
2026-08-09 00:18:42,155 - INFO - Polling Strava for new activities...
2026-08-09 03:18:52,295 - INFO - Polling Oura for new data...
2026-08-09 03:18:53,156 - INFO - Polling Strava for new activities...
2026-08-09 06:19:03,334 - INFO - Polling Strava for new activities...
2026-08-09 09:19:13,652 - INFO - Polling Oura for new data...
2026-08-09 09:19:14,624 - INFO - Polling Strava for new activities...
2026-08-09 12:19:24,815 - INFO - Polling Strava for new activities...
2026-08-09 15:19:34,989 - INFO - Polling Oura for new data...
2026-08-09 15:19:35,811 - INFO - Polling Strava for new activities...
2026-08-09 18:19:45,976 - INFO - Polling Strava for new activities...
2026-08-09 21:19:56,144 - INFO - Polling Oura for new data...
2026-08-09 21:19:56,977 - INFO - Polling Strava for new activities...
2026-08-10 00:20:07,197 - INFO - Polling Strava for new activities...
2026-08-10 03:20:17,480 - INFO - Polling Oura for new data...
2026-08-10 03:20:18,566 - INFO - Polling Strava for new activities...
2026-08-10 06:20:28,867 - INFO - Polling Strava for new activities...
2026-08-10 09:20:39,110 - INFO - Polling Oura for new data...
2026-08-10 09:20:39,976 - INFO - Polling Strava for new activities...
2026-08-10 12:20:50,353 - INFO - Polling Strava for new activities...
2026-08-10 15:21:00,701 - INFO - Polling Oura for new data...
2026-08-10 15:21:01,655 - INFO - Polling Strava for new activities...
2026-08-10 18:21:12,029 - INFO - Polling Strava for new activities...
2026-08-10 21:21:22,435 - INFO - Polling Oura for new data...
2026-08-10 21:21:23,286 - INFO - Polling Strava for new activities...
2026-08-11 00:21:33,783 - INFO - Polling Strava for new activities...
2026-08-11 03:21:44,194 - INFO - Polling Oura for new data...
2026-08-11 03:21:44,978 - INFO - Polling Strava for new activities...
2026-08-11 06:21:55,349 - INFO - Polling Strava for new activities...
2026-08-11 09:22:05,716 - INFO - Polling Oura for new data...
2026-08-11 09:22:06,578 - INFO - Polling Strava for new activities...
2026-08-11 12:22:16,987 - INFO - Polling Strava for new activities...
2026-08-11 15:22:27,425 - INFO - Polling Oura for new data...
2026-08-11 15:22:28,328 - INFO - Polling Strava for new activities...
2026-08-11 18:22:38,726 - INFO - Polling Strava for new activities...
2026-08-11 21:22:49,138 - INFO - Polling Oura for new data...
2026-08-11 21:22:49,947 - INFO - Polling Strava for new activities...
2026-08-12 00:23:00,324 - INFO - Polling Strava for new activities...
2026-08-12 03:23:10,754 - INFO - Polling Oura for new data...
2026-08-12 03:23:11,592 - INFO - Polling Strava for new activities...
2026-08-12 06:23:21,997 - INFO - Polling Strava for new activities...
2026-08-12 09:23:32,304 - INFO - Polling Oura for new data...
2026-08-12 09:23:33,388 - INFO - Polling Strava for new activities...
2026-08-12 12:23:43,738 - INFO - Polling Strava for new activities...
2026-08-12 15:23:54,168 - INFO - Polling Oura for new data...
2026-08-12 15:23:55,068 - INFO - Polling Strava for new activities...
2026-08-12 18:24:05,524 - INFO - Polling Strava for new activities...
2026-08-12 21:24:16,003 - INFO - Polling Oura for new data...
2026-08-12 21:24:19,705 - INFO - Polling Strava for new activities...
2026-08-13 00:24:30,136 - INFO - Polling Strava for new activities...
2026-08-13 03:24:40,477 - INFO - Polling Oura for new data...
2026-08-13 03:24:41,282 - INFO - Polling Strava for new activities...
2026-08-13 06:24:51,597 - INFO - Polling Strava for new activities...
2026-08-13 09:25:01,895 - INFO - Polling Oura for new data...
2026-08-13 09:25:03,201 - INFO - Polling Strava for new activities...
2026-08-13 12:25:13,436 - INFO - Polling Strava for new activities...
2026-08-13 15:25:23,742 - INFO - Polling Oura for new data...
2026-08-13 15:25:24,687 - INFO - Polling Strava for new activities...
2026-08-13 18:25:35,069 - INFO - Polling Strava for new activities...
2026-08-13 21:25:45,519 - INFO - Polling Oura for new data...
2026-08-13 21:25:46,324 - INFO - Polling Strava for new activities...
2026-08-14 00:25:56,869 - INFO - Polling Strava for new activities...
2026-08-14 03:26:07,362 - INFO - Polling Oura for new data...
2026-08-14 03:26:08,204 - INFO - Polling Strava for new activities...
2026-08-14 06:26:18,636 - INFO - Polling Strava for new activities...
2026-08-14 09:26:29,208 - INFO - Polling Oura for new data...
2026-08-14 09:26:30,026 - INFO - Polling Strava for new activities...
2026-08-14 12:26:40,523 - INFO - Polling Strava for new activities...
2026-08-14 15:26:50,906 - INFO - Polling Oura for new data...
2026-08-14 15:26:51,708 - INFO - Polling Strava for new activities...
2026-08-14 18:27:02,129 - INFO - Polling Strava for new activities...
2026-08-14 21:27:12,415 - INFO - Polling Oura for new data...
2026-08-14 21:27:13,319 - INFO - Polling Strava for new activities...
2026-08-15 00:27:23,677 - INFO - Polling Strava for new activities...
2026-08-15 03:27:34,023 - INFO - Polling Oura for new data...
2026-08-15 03:27:34,990 - INFO - Polling Strava for new activities...
2026-08-15 06:27:45,357 - INFO - Polling Strava for new activities...
2026-08-15 09:27:55,787 - INFO - Polling Oura for new data...
2026-08-15 09:27:56,599 - INFO - Polling Strava for new activities...
2026-08-15 12:28:07,022 - INFO - Polling Strava for new activities...
2026-08-15 15:28:17,420 - INFO - Polling Oura for new data...
2026-08-15 15:28:18,355 - INFO - Polling Strava for new activities...
2026-08-15 18:28:28,754 - INFO - Polling Strava for new activities...
2026-08-15 21:28:39,185 - INFO - Polling Oura for new data...
2026-08-15 21:28:39,971 - INFO - Polling Strava for new activities...
2026-08-16 00:28:50,374 - INFO - Polling Strava for new activities...
2026-08-16 03:29:00,849 - INFO - Polling Oura for new data...
2026-08-16 03:29:01,649 - INFO - Polling Strava for new activities...
2026-08-16 06:29:12,076 - INFO - Polling Strava for new activities...
2026-08-16 09:29:22,671 - INFO - Polling Oura for new data...
2026-08-16 09:29:23,611 - INFO - Polling Strava for new activities...
2026-08-16 12:29:34,202 - INFO - Polling Strava for new activities...
2026-08-16 15:29:44,699 - INFO - Polling Oura for new data...
2026-08-16 15:29:45,517 - INFO - Polling Strava for new activities...
2026-08-16 18:29:56,166 - INFO - Polling Strava for new activities...
2026-08-16 21:30:06,725 - INFO - Polling Oura for new data...
2026-08-16 21:30:07,912 - INFO - Polling Strava for new activities...
2026-08-17 00:30:18,509 - INFO - Polling Strava for new activities...
2026-08-17 03:30:29,015 - INFO - Polling Oura for new data...
2026-08-17 03:30:30,113 - INFO - Polling Strava for new activities...
2026-08-17 06:30:40,722 - INFO - Polling Strava for new activities...
2026-08-17 09:30:51,290 - INFO - Polling Oura for new data...
2026-08-17 09:30:52,144 - INFO - Polling Strava for new activities...
2026-08-17 12:31:02,828 - INFO - Polling Strava for new activities...
2026-08-17 15:31:13,479 - INFO - Polling Oura for new data...
2026-08-17 15:31:14,606 - INFO - Polling Strava for new activities...
2026-08-17 18:31:25,387 - INFO - Polling Strava for new activities...
2026-08-17 21:31:36,762 - INFO - Polling Oura for new data...
2026-08-17 21:31:37,786 - INFO - Polling Strava for new activities...
2026-08-18 00:31:48,348 - INFO - Polling Strava for new activities...
2026-08-18 03:31:58,923 - INFO - Polling Oura for new data...
2026-08-18 03:31:59,736 - INFO - Polling Strava for new activities...
2026-08-18 06:32:10,330 - INFO - Polling Strava for new activities...
2026-08-18 09:32:20,883 - INFO - Polling Oura for new data...
2026-08-18 09:32:21,705 - INFO - Polling Strava for new activities...
2026-08-18 12:32:32,250 - INFO - Polling Strava for new activities...
2026-08-18 15:32:42,757 - INFO - Polling Oura for new data...
2026-08-18 15:32:43,698 - INFO - Polling Strava for new activities...
2026-08-18 18:32:54,339 - INFO - Polling Strava for new activities...
2026-08-18 21:33:04,820 - INFO - Polling Oura for new data...
2026-08-18 21:33:05,628 - INFO - Polling Strava for new activities...
2026-08-19 00:33:16,151 - INFO - Polling Strava for new activities...
2026-08-19 03:33:26,672 - INFO - Polling Oura for new data...
2026-08-19 03:33:30,230 - INFO - Polling Strava for new activities...
2026-08-19 06:33:40,781 - INFO - Polling Strava for new activities...
2026-08-19 09:33:51,256 - INFO - Polling Oura for new data...
2026-08-19 09:33:52,061 - INFO - Polling Strava for new activities...
2026-08-19 12:34:02,712 - INFO - Polling Strava for new activities...
2026-08-19 15:34:13,413 - INFO - Polling Oura for new data...
2026-08-19 15:34:14,291 - INFO - Polling Strava for new activities...
2026-08-19 18:34:25,217 - INFO - Polling Strava for new activities...
2026-08-19 21:34:36,122 - INFO - Polling Oura for new data...
2026-08-19 21:34:37,104 - INFO - Polling Strava for new activities...
2026-08-20 00:34:47,796 - INFO - Polling Strava for new activities...
2026-08-20 03:34:58,493 - INFO - Polling Oura for new data...
2026-08-20 03:34:59,329 - INFO - Polling Strava for new activities...
2026-08-20 06:35:09,964 - INFO - Polling Strava for new activities...
2026-08-20 09:35:20,528 - INFO - Polling Oura for new data...
2026-08-20 09:35:21,347 - INFO - Polling Strava for new activities...
2026-08-20 12:35:31,929 - INFO - Polling Strava for new activities...
2026-08-20 15:35:42,630 - INFO - Polling Oura for new data...
2026-08-20 15:35:43,444 - INFO - Polling Strava for new activities...
2026-08-20 18:35:54,264 - INFO - Polling Strava for new activities...
2026-08-20 21:36:05,178 - INFO - Polling Oura for new data...
2026-08-20 21:36:06,023 - INFO - Polling Strava for new activities...
2026-08-21 00:36:16,671 - INFO - Polling Strava for new activities...
2026-08-21 03:36:27,346 - INFO - Polling Oura for new data...
2026-08-21 03:36:28,171 - INFO - Polling Strava for new activities...
2026-08-21 06:36:38,821 - INFO - Polling Strava for new activities...
2026-08-21 09:36:49,484 - INFO - Polling Oura for new data...
2026-08-21 09:36:50,426 - INFO - Polling Strava for new activities...
2026-08-21 12:37:01,152 - INFO - Polling Strava for new activities...
2026-08-21 15:37:11,894 - INFO - Polling Oura for new data...
2026-08-21 15:37:12,762 - INFO - Polling Strava for new activities...
2026-08-21 18:37:23,425 - INFO - Polling Strava for new activities...
2026-08-21 21:37:34,011 - INFO - Polling Oura for new data...
2026-08-21 21:37:34,921 - INFO - Polling Strava for new activities...
2026-08-22 00:37:45,453 - INFO - Polling Strava for new activities...
2026-08-22 03:37:55,953 - INFO - Polling Oura for new data...
2026-08-22 03:37:56,777 - INFO - Polling Strava for new activities...
2026-08-22 06:38:07,327 - INFO - Polling Strava for new activities...
2026-08-22 09:38:17,932 - INFO - Polling Oura for new data...
2026-08-22 09:38:18,799 - INFO - Polling Strava for new activities...
2026-08-22 12:38:29,314 - INFO - Polling Strava for new activities...
2026-08-22 15:38:39,817 - INFO - Polling Oura for new data...
2026-08-22 15:38:40,748 - INFO - Polling Strava for new activities...
2026-08-22 18:38:51,265 - INFO - Polling Strava for new activities...
2026-08-22 21:39:01,755 - INFO - Polling Oura for new data...
2026-08-22 21:39:02,999 - INFO - Polling Strava for new activities...
2026-08-23 00:39:13,518 - INFO - Polling Strava for new activities...
2026-08-23 03:39:24,047 - INFO - Polling Oura for new data...
2026-08-23 03:39:24,901 - INFO - Polling Strava for new activities...
2026-08-23 06:39:35,464 - INFO - Polling Strava for new activities...
2026-08-23 09:39:46,041 - INFO - Polling Oura for new data...
2026-08-23 09:39:46,857 - INFO - Polling Strava for new activities...
2026-08-23 12:39:57,367 - INFO - Polling Strava for new activities...
2026-08-23 15:40:08,026 - INFO - Polling Oura for new data...
2026-08-23 15:40:08,910 - INFO - Polling Strava for new activities...
2026-08-23 18:40:19,484 - INFO - Polling Strava for new activities...
2026-08-23 21:40:30,042 - INFO - Polling Oura for new data...
2026-08-23 21:40:31,370 - INFO - Polling Strava for new activities...
2026-08-24 00:40:41,883 - INFO - Polling Strava for new activities...
2026-08-24 03:40:52,424 - INFO - Polling Oura for new data...
2026-08-24 03:40:53,290 - INFO - Polling Strava for new activities...
2026-08-24 06:41:03,881 - INFO - Polling Strava for new activities...
2026-08-24 09:41:14,387 - INFO - Polling Oura for new data...
2026-08-24 09:41:15,368 - INFO - Polling Strava for new activities...
2026-08-24 12:41:25,955 - INFO - Polling Strava for new activities...
2026-08-24 15:41:36,628 - INFO - Polling Oura for new data...
2026-08-24 15:41:37,793 - INFO - Polling Strava for new activities...
2026-08-24 18:41:48,530 - INFO - Polling Strava for new activities...
2026-08-24 21:41:59,256 - INFO - Polling Oura for new data...
2026-08-24 21:42:00,159 - INFO - Polling Strava for new activities...
2026-08-25 00:42:10,821 - INFO - Polling Strava for new activities...
2026-08-25 03:42:21,369 - INFO - Polling Oura for new data...
2026-08-25 03:42:22,209 - INFO - Polling Strava for new activities...
2026-08-25 06:42:32,739 - INFO - Polling Strava for new activities...
2026-08-25 09:42:43,205 - INFO - Polling Oura for new data...
2026-08-25 09:42:44,021 - INFO - Polling Strava for new activities...
2026-08-25 12:42:54,525 - INFO - Polling Strava for new activities...
2026-08-25 15:43:05,032 - INFO - Polling Oura for new data...
2026-08-25 15:43:05,900 - INFO - Polling Strava for new activities...
2026-08-25 18:43:16,433 - INFO - Polling Strava for new activities...
2026-08-25 21:43:26,862 - INFO - Polling Oura for new data...
2026-08-25 21:43:27,946 - INFO - Polling Strava for new activities...
2026-08-26 00:43:38,343 - INFO - Polling Strava for new activities...
2026-08-26 03:43:48,766 - INFO - Polling Oura for new data...
2026-08-26 03:43:49,612 - INFO - Polling Strava for new activities...
2026-08-26 06:43:59,943 - INFO - Polling Strava for new activities...
2026-08-26 09:44:10,234 - INFO - Polling Oura for new data...
2026-08-26 09:44:11,044 - INFO - Polling Strava for new activities...
2026-08-26 12:44:21,384 - INFO - Polling Strava for new activities...
2026-08-26 15:44:31,944 - INFO - Polling Oura for new data...
2026-08-26 15:44:32,858 - INFO - Polling Strava for new activities...
2026-08-26 18:44:44,064 - INFO - Polling Strava for new activities...
2026-08-26 21:44:54,585 - INFO - Polling Oura for new data...
2026-08-26 21:44:55,432 - INFO - Polling Strava for new activities...
2026-08-27 00:45:05,913 - INFO - Polling Strava for new activities...
2026-08-27 03:45:16,231 - INFO - Polling Oura for new data...
2026-08-27 03:45:17,126 - INFO - Polling Strava for new activities...
2026-08-27 06:45:27,514 - INFO - Polling Strava for new activities...
2026-08-27 09:45:37,963 - INFO - Polling Oura for new data...
2026-08-27 09:45:39,108 - INFO - Polling Strava for new activities...
2026-08-27 12:45:49,458 - INFO - Polling Strava for new activities...
2026-08-27 15:45:59,985 - INFO - Polling Oura for new data...
2026-08-27 15:46:00,919 - INFO - Polling Strava for new activities...
2026-08-27 18:46:11,550 - INFO - Polling Strava for new activities...
2026-08-27 21:46:22,523 - INFO - Polling Oura for new data...
2026-08-27 21:46:23,412 - INFO - Polling Strava for new activities...
2026-08-28 00:46:33,911 - INFO - Polling Strava for new activities...
2026-08-28 03:46:44,308 - INFO - Polling Oura for new data...
2026-08-28 03:46:45,116 - INFO - Polling Strava for new activities...
2026-08-28 06:46:55,603 - INFO - Polling Strava for new activities...
2026-08-28 09:47:06,227 - INFO - Polling Oura for new data...
2026-08-28 09:47:07,183 - INFO - Polling Strava for new activities...
2026-08-28 12:47:17,919 - INFO - Polling Strava for new activities...
2026-08-28 15:47:28,883 - INFO - Polling Oura for new data...
2026-08-28 15:47:30,205 - INFO - Polling Strava for new activities...
2026-08-28 18:47:40,882 - INFO - Polling Strava for new activities...
2026-08-28 21:47:51,499 - INFO - Polling Oura for new data...
2026-08-28 21:47:52,463 - INFO - Polling Strava for new activities...
2026-08-29 00:48:04,012 - INFO - Polling Strava for new activities...
2026-08-29 03:48:15,666 - INFO - Polling Oura for new data...
2026-08-29 03:48:16,635 - INFO - Polling Strava for new activities...
2026-08-29 06:48:27,621 - INFO - Polling Strava for new activities...
2026-08-29 09:48:38,280 - INFO - Polling Oura for new data...
2026-08-29 09:48:39,248 - INFO - Polling Strava for new activities...
2026-08-29 12:48:49,915 - INFO - Polling Strava for new activities...
2026-08-29 15:49:00,540 - INFO - Polling Oura for new data...
2026-08-29 15:49:01,424 - INFO - Polling Strava for new activities...
2026-08-29 18:49:11,865 - INFO - Polling Strava for new activities...
2026-08-29 21:49:22,371 - INFO - Polling Oura for new data...
2026-08-29 21:49:23,218 - INFO - Polling Strava for new activities...
2026-08-30 00:49:33,793 - INFO - Polling Strava for new activities...
2026-08-30 03:49:44,178 - INFO - Polling Oura for new data...
2026-08-30 03:49:45,434 - INFO - Polling Strava for new activities...
2026-08-30 06:49:55,825 - INFO - Polling Strava for new activities...
2026-08-30 09:50:06,216 - INFO - Polling Oura for new data...
2026-08-30 09:50:07,029 - INFO - Polling Strava for new activities...
2026-08-30 12:50:17,564 - INFO - Polling Strava for new activities...
2026-08-30 15:50:28,049 - INFO - Polling Oura for new data...
2026-08-30 15:50:28,928 - INFO - Polling Strava for new activities...
2026-08-30 18:50:39,349 - INFO - Polling Strava for new activities...
2026-08-30 21:50:50,051 - INFO - Polling Oura for new data...
2026-08-30 21:50:50,934 - INFO - Polling Strava for new activities...
2026-08-31 00:51:01,378 - INFO - Polling Strava for new activities...
2026-08-31 03:51:11,750 - INFO - Polling Oura for new data...
2026-08-31 03:51:12,654 - INFO - Polling Strava for new activities...
2026-08-31 06:51:23,086 - INFO - Polling Strava for new activities...
2026-08-31 09:51:33,576 - INFO - Polling Oura for new data...
2026-08-31 09:51:34,866 - INFO - Polling Strava for new activities...
2026-08-31 12:51:45,372 - INFO - Polling Strava for new activities...
2026-08-31 15:51:55,927 - INFO - Polling Oura for new data...
2026-08-31 15:51:56,807 - INFO - Polling Strava for new activities...
2026-08-31 18:52:07,373 - INFO - Polling Strava for new activities...
2026-08-31 21:52:17,961 - INFO - Polling Oura for new data...
2026-08-31 21:52:19,456 - INFO - Polling Strava for new activities...
2026-09-01 00:52:29,930 - INFO - Polling Strava for new activities...
2026-09-01 03:52:40,456 - INFO - Polling Oura for new data...
2026-09-01 03:52:41,335 - INFO - Polling Strava for new activities...
2026-09-01 06:52:51,672 - INFO - Polling Strava for new activities...
2026-09-01 09:53:02,015 - INFO - Polling Oura for new data...
2026-09-01 09:53:03,249 - INFO - Polling Strava for new activities...
2026-09-01 12:53:13,711 - INFO - Polling Strava for new activities...
2026-09-01 15:53:24,715 - INFO - Polling Oura for new data...
2026-09-01 15:53:26,153 - INFO - Polling Strava for new activities...
2026-09-01 18:53:36,760 - INFO - Polling Strava for new activities...
2026-09-01 21:53:47,425 - INFO - Polling Oura for new data...
2026-09-01 21:53:48,957 - INFO - Polling Strava for new activities...
2026-09-02 00:53:59,479 - INFO - Polling Strava for new activities...
2026-09-02 03:54:09,914 - INFO - Polling Oura for new data...
2026-09-02 03:54:10,729 - INFO - Polling Strava for new activities...
2026-09-02 06:54:21,326 - INFO - Polling Strava for new activities...
2026-09-02 09:54:32,055 - INFO - Polling Oura for new data...
2026-09-02 09:54:33,162 - INFO - Polling Strava for new activities...
2026-09-02 12:54:43,899 - INFO - Polling Strava for new activities...
2026-09-02 15:54:54,633 - INFO - Polling Oura for new data...
2026-09-02 15:54:55,486 - INFO - Polling Strava for new activities...
2026-09-02 18:55:06,083 - INFO - Polling Strava for new activities...
2026-09-02 21:55:16,684 - INFO - Polling Oura for new data...
2026-09-02 21:55:17,836 - INFO - Polling Strava for new activities...
2026-09-03 00:55:28,569 - INFO - Polling Strava for new activities...
2026-09-03 03:55:39,737 - INFO - Polling Oura for new data...
2026-09-03 03:55:40,609 - INFO - Polling Strava for new activities...
2026-09-03 06:55:51,098 - INFO - Polling Strava for new activities...
2026-09-03 09:56:01,661 - INFO - Polling Oura for new data...
2026-09-03 09:56:02,811 - INFO - Polling Strava for new activities...
2026-09-03 12:56:13,426 - INFO - Polling Strava for new activities...
2026-09-03 15:56:24,095 - INFO - Polling Oura for new data...
2026-09-03 15:56:25,075 - INFO - Polling Strava for new activities...
2026-09-03 18:56:35,810 - INFO - Polling Strava for new activities...
2026-09-03 21:56:46,419 - INFO - Polling Oura for new data...
2026-09-03 21:56:47,297 - INFO - Polling Strava for new activities...
2026-09-04 00:56:57,813 - INFO - Polling Strava for new activities...
2026-09-04 03:57:08,238 - INFO - Polling Oura for new data...
2026-09-04 03:57:09,104 - INFO - Polling Strava for new activities...
2026-09-04 06:57:19,545 - INFO - Polling Strava for new activities...
2026-09-04 09:57:29,932 - INFO - Polling Oura for new data...
2026-09-04 09:57:31,128 - INFO - Polling Strava for new activities...
2026-09-04 12:57:41,492 - INFO - Polling Strava for new activities...
2026-09-04 15:57:52,060 - INFO - Polling Oura for new data...
2026-09-04 15:57:52,880 - INFO - Polling Strava for new activities...
2026-09-04 18:58:03,457 - INFO - Polling Strava for new activities...
2026-09-04 21:58:14,087 - INFO - Polling Oura for new data...
2026-09-04 21:58:14,986 - INFO - Polling Strava for new activities...
2026-09-05 00:58:25,458 - INFO - Polling Strava for new activities...
2026-09-05 03:58:35,838 - INFO - Polling Oura for new data...
2026-09-05 03:58:37,599 - INFO - Polling Strava for new activities...
2026-09-05 06:58:48,129 - INFO - Polling Strava for new activities...
2026-09-05 09:58:58,639 - INFO - Polling Oura for new data...
2026-09-05 09:58:59,676 - INFO - Polling Strava for new activities...
2026-09-05 12:59:10,152 - INFO - Polling Strava for new activities...
2026-09-05 15:59:20,615 - INFO - Polling Oura for new data...
2026-09-05 15:59:21,488 - INFO - Polling Strava for new activities...
2026-09-05 18:59:32,008 - INFO - Polling Strava for new activities...
2026-09-05 21:59:42,549 - INFO - Polling Oura for new data...
2026-09-05 21:59:43,392 - INFO - Polling Strava for new activities...
2026-09-06 00:59:53,864 - INFO - Polling Strava for new activities...
2026-09-06 04:00:04,339 - INFO - Polling Oura for new data...
2026-09-06 04:00:07,631 - INFO - Polling Strava for new activities...
2026-09-06 07:00:18,241 - INFO - Polling Strava for new activities...
2026-09-06 10:00:28,644 - INFO - Polling Oura for new data...
2026-09-06 10:00:29,536 - INFO - Polling Strava for new activities...
2026-09-06 13:00:40,020 - INFO - Polling Strava for new activities...
2026-09-06 16:00:50,464 - INFO - Polling Oura for new data...
2026-09-06 16:00:51,301 - INFO - Polling Strava for new activities...
2026-09-06 19:01:01,921 - INFO - Polling Strava for new activities...
2026-09-06 22:01:12,431 - INFO - Polling Oura for new data...
2026-09-06 22:01:13,277 - INFO - Polling Strava for new activities...
2026-09-07 01:01:23,810 - INFO - Polling Strava for new activities...
2026-09-07 04:01:34,269 - INFO - Polling Oura for new data...
2026-09-07 04:01:35,321 - INFO - Polling Strava for new activities...
2026-09-07 07:01:45,842 - INFO - Polling Strava for new activities...
2026-09-07 10:01:56,326 - INFO - Polling Oura for new data...
2026-09-07 10:01:57,133 - INFO - Polling Strava for new activities...
2026-09-07 13:02:07,625 - INFO - Polling Strava for new activities...
2026-09-07 16:02:18,136 - INFO - Polling Oura for new data...
2026-09-07 16:02:19,161 - INFO - Polling Strava for new activities...
2026-09-07 19:02:29,661 - INFO - Polling Strava for new activities...
2026-09-07 22:02:40,201 - INFO - Polling Oura for new data...
2026-09-07 22:02:41,057 - INFO - Polling Strava for new activities...
2026-09-08 01:02:51,535 - INFO - Polling Strava for new activities...
2026-09-08 04:03:01,982 - INFO - Polling Oura for new data...
2026-09-08 04:03:03,095 - INFO - Polling Strava for new activities...
2026-09-08 07:03:13,560 - INFO - Polling Strava for new activities...
2026-09-08 10:03:23,976 - INFO - Polling Oura for new data...
2026-09-08 10:03:24,826 - INFO - Polling Strava for new activities...
2026-09-08 13:03:35,284 - INFO - Polling Strava for new activities...
2026-09-08 16:03:45,899 - INFO - Polling Oura for new data...
2026-09-08 16:03:46,715 - INFO - Polling Strava for new activities...
2026-09-08 19:03:57,492 - INFO - Polling Strava for new activities...
2026-09-08 22:04:07,987 - INFO - Polling Oura for new data...
2026-09-08 22:04:08,808 - INFO - Polling Strava for new activities...
2026-09-09 01:04:19,393 - INFO - Polling Strava for new activities...
2026-09-09 04:04:29,863 - INFO - Polling Oura for new data...
2026-09-09 04:04:30,894 - INFO - Polling Strava for new activities...
2026-09-09 07:04:41,402 - INFO - Polling Strava for new activities...
2026-09-09 10:04:51,732 - INFO - Polling Oura for new data...
2026-09-09 10:04:52,572 - INFO - Polling Strava for new activities...
2026-09-09 13:05:02,927 - INFO - Polling Strava for new activities...
2026-09-09 16:05:13,349 - INFO - Polling Oura for new data...
2026-09-09 16:05:14,176 - INFO - Polling Strava for new activities...
2026-09-09 19:05:24,628 - INFO - Polling Strava for new activities...
2026-09-09 22:05:34,959 - INFO - Polling Oura for new data...
2026-09-09 22:05:35,832 - INFO - Polling Strava for new activities...
2026-09-10 01:05:46,237 - INFO - Polling Strava for new activities...
2026-09-10 04:05:56,564 - INFO - Polling Oura for new data...
2026-09-10 04:05:57,371 - INFO - Polling Strava for new activities...
2026-09-10 07:06:07,706 - INFO - Polling Strava for new activities...
2026-09-10 10:06:18,121 - INFO - Polling Oura for new data...
2026-09-10 10:06:19,094 - INFO - Polling Strava for new activities...
2026-09-10 13:06:29,445 - INFO - Polling Strava for new activities...
2026-09-10 16:06:40,049 - INFO - Polling Oura for new data...
2026-09-10 16:06:40,864 - INFO - Polling Strava for new activities...
2026-09-10 19:06:51,212 - INFO - Polling Strava for new activities...
2026-09-10 22:07:01,590 - INFO - Polling Oura for new data...
2026-09-10 22:07:02,489 - INFO - Polling Strava for new activities...
2026-09-11 01:07:12,767 - INFO - Polling Strava for new activities...
2026-09-11 04:07:23,091 - INFO - Polling Oura for new data...
2026-09-11 04:07:23,939 - INFO - Polling Strava for new activities...
2026-09-11 07:07:34,359 - INFO - Polling Strava for new activities...
2026-09-11 10:07:44,763 - INFO - Polling Oura for new data...
2026-09-11 10:07:45,628 - INFO - Polling Strava for new activities...
2026-09-11 13:07:55,906 - INFO - Polling Strava for new activities...
2026-09-11 16:08:06,393 - INFO - Polling Oura for new data...
2026-09-11 16:08:07,315 - INFO - Polling Strava for new activities...
2026-09-11 17:31:53,023 - INFO - Welly daemon started (PID: 4372)
2026-09-11 17:31:53,040 - INFO - Welly Monitor starting - always-on pattern detection
2026-09-11 19:32:00,003 - INFO - Polling Strava for new activities...
2026-09-11 22:32:10,486 - INFO - Polling Oura for new data...
2026-09-11 22:32:11,294 - INFO - Polling Strava for new activities...
2026-09-12 01:32:21,707 - INFO - Polling Strava for new activities...
2026-09-12 04:32:32,086 - INFO - Polling Oura for new data...
2026-09-12 04:32:32,950 - INFO - Polling Strava for new activities...
